Subject_ID,Content_ID,Distortion_ID,Q1_Response,Q2_Confidence,Q3_MOS
F001,E5,MLBC_2,mocking_stupidity,75,3.9
F001,E8,DS_LIGHT,cursing,50,4
F001,E7,RD_360P,agreement,75,2.8
F001,E3,ORIG,yelling,100,4.6
F001,E10,MLBC_2,gratitude,100,2.5
F001,E9,DS_MED,disdain,75,4.4
F001,E4,MLBC_2,scolding_viewer,100,2.8
F001,E6,HLBC_1,praying,75,2.3
F001,E1,MLBC_2,waving,100,2.7
F001,E2,LFR_10,praising,100,4.3
F001,E10,MLBC_1,gratitude,75,3.3
F001,E2,LFR_15,praising,100,4.4
F001,E6,SLBC_1,praying,75,1.9
F001,E8,LFR_10,cursing,75,4.2
F001,E3,SLBC_1,yelling,75,1.4
F001,E4,GQ_MED,scolding_viewer,50,2.1
F001,E1,RD_720P,waving,100,3.6
F001,E5,RD_720P,mocking_stupidity,75,4.2
F001,E9,ORIG,disdain,75,3.9
F001,E7,MLBC_2,agreement,75,2.8
F001,E1,DS_LIGHT,waving,100,3.7
F001,E7,RD_720P,agreement,75,3.9
F001,E8,GQ_LIGHT,cursing,75,2.8
F001,E9,GQ_LIGHT,disdain,75,2.7
F001,E5,LFR_10,mocking_stupidity,75,2
F001,E4,DS_MED,scolding_viewer,75,3.7
F001,E2,GQ_LIGHT,praising,100,3.4
F001,E10,LFR_10,gratitude,100,2.7
F001,E3,MLBC_1,yelling,75,2.7
F001,E6,GQ_LIGHT,praying,75,2.8
F001,E10,DS_LIGHT,gratitude,100,4.2
F001,E1,DS_MED,waving,100,4.3
F001,E7,GQ_LIGHT,agreement,100,3.7
F001,E3,RD_360P,yelling,75,2.4
F001,E2,DS_LIGHT,praising,100,4.1
F001,E9,HLBC_2,disdain,75,1.4
F001,E5,SLBC_1,mocking_stupidity,75,1.5
F001,E6,RD_360P,praying,75,2.6
F001,E8,MLBC_1,cursing,75,3.5
F001,E4,LFR_10,scolding_viewer,75,3.2
F001,E9,MLBC_1,disdain,75,2.9
F001,E3,HLBC_2,yelling,75,1.5
F001,E5,HLBC_1,mocking_stupidity,75,2.2
F001,E4,SLBC_1,scolding_viewer,75,1.4
F001,E7,HLBC_2,agreement,75,2.3
F001,E6,LFR_10,begging,75,4.3
F001,E2,MLBC_2,praising,100,2.6
F001,E1,GQ_LIGHT,waving,100,3.4
F001,E8,DS_MED,cursing,75,3.8
F001,E10,GQ_LIGHT,gratitude,75,3.5
F002,E6,RD_360P,begging,75,5
F002,E9,MLBC_2,disdain,50,4.5
F002,E7,DS_LIGHT,disapproval,25,3.6
F002,E8,DS_MED,cheering,75,5
F002,E5,HLBC_1,thinking,100,5
F002,E1,LFR_10,waving,100,5
F002,E4,MLBC_2,scolding_viewer,50,4.6
F002,E3,MLBC_2,yelling,100,5
F002,E10,LFR_10,apologizing,75,5
F002,E2,ORIG,praising,100,5
F002,E6,MLBC_2,begging,75,4.3
F002,E9,MLBC_1,disdain,50,5
F002,E5,SLBC_1,thinking,100,3.6
F002,E10,DS_MED,apologizing,50,5
F002,E4,RD_720P,scolding_viewer,25,4.8
F002,E7,LFR_10,disapproval,25,4
F002,E1,LFR_15,waving,100,5
F002,E3,GQ_MED,yelling,100,5
F002,E2,SLBC_1,praising,100,4.2
F002,E8,ORIG,cheering,75,5
F002,E5,GQ_LIGHT,thinking,100,5
F002,E4,LFR_10,scolding_viewer,25,4.8
F002,E10,MLBC_1,apologizing,50,5
F002,E3,DS_MED,none,25,4.1
F002,E1,GQ_LIGHT,waving,100,5
F002,E8,GQ_LIGHT,cheering,75,4.7
F002,E7,GQ_LIGHT,disapproval,25,4.7
F002,E6,RD_720P,begging,75,4.5
F002,E2,MLBC_1,praising,100,5
F002,E9,LFR_10,disdain,50,5
F002,E7,MLBC_1,disapproval,25,5
F002,E8,HLBC_2,cheering,75,4.3
F002,E1,DS_LIGHT,waving,100,5
F002,E4,SLBC_1,scolding_viewer,25,3
F002,E10,ORIG,apologizing,50,4
F002,E5,RD_360P,thinking,75,3.5
F002,E9,DS_LIGHT,disdain,25,5
F002,E3,LFR_10,yelling,100,5
F002,E6,GQ_LIGHT,begging,50,4.5
F002,E2,RD_360P,praising,100,4.5
F002,E4,HLBC_1,scolding_viewer,25,3.8
F002,E8,MLBC_1,cheering,50,4.2
F002,E10,DS_LIGHT,apologizing,50,4.6
F002,E2,HLBC_2,praising,100,3.5
F002,E5,LFR_10,thinking,100,4.8
F002,E1,MLBC_2,waving,100,4.3
F002,E3,SLBC_1,yelling,75,2.3
F002,E7,DS_MED,disapproval,25,4.4
F002,E6,HLBC_2,begging,50,2.7
F002,E9,GQ_LIGHT,disdain,25,4.1
F003,E7,DS_LIGHT,agreement,75,4.5
F003,E8,ORIG,cursing,100,4.9
F003,E6,RD_360P,begging,75,2.5
F003,E9,MLBC_2,disdain,75,3.2
F003,E10,DS_LIGHT,gratitude,75,4.3
F003,E1,MLBC_2,waving,100,2.3
F003,E5,ORIG,mocking_stupidity,50,3.8
F003,E4,DS_LIGHT,scolding_viewer,75,4.9
F003,E3,HLBC_2,yelling,100,1.1
F003,E2,ORIG,praising,100,4.8
F003,E10,LFR_15,gratitude,100,4
F003,E6,RD_720P,begging,75,2.8
F003,E7,RD_720P,agreement,100,3.3
F003,E4,DS_MED,scolding_viewer,100,4.8
F003,E8,RD_360P,none,75,2.5
F003,E2,HLBC_1,praising,100,2.1
F003,E9,RD_360P,disdain,75,1.5
F003,E3,DS_LIGHT,none,50,5
F003,E5,DS_MED,mocking_stupidity,75,3.7
F003,E1,DS_LIGHT,waving,100,4
F003,E6,ORIG,begging,75,5
F003,E3,ORIG,yelling,50,5
F003,E5,DS_LIGHT,thinking,75,4.5
F003,E1,LFR_15,waving,100,4.6
F003,E10,MLBC_1,gratitude,50,3.4
F003,E2,DS_LIGHT,praising,75,4.6
F003,E4,HLBC_2,scolding_viewer,75,1
F003,E7,LFR_10,none,50,3.2
F003,E9,HLBC_2,disdain,100,1.4
F003,E8,DS_MED,none,50,4.7
F003,E1,DS_MED,waving,75,4.6
F003,E9,GQ_LIGHT,disdain,75,3.8
F003,E3,RD_360P,yelling,75,1.8
F003,E4,LFR_15,talking,25,3
F003,E6,MLBC_2,begging,75,2.2
F003,E7,HLBC_1,agreement,100,2
F003,E8,HLBC_2,none,25,1.2
F003,E2,RD_720P,praising,100,3.5
F003,E10,GQ_MED,gratitude,100,2.6
F003,E5,MLBC_1,thinking,75,4
F003,E8,GQ_HEAVY,cursing,75,1
F003,E7,GQ_HEAVY,agreement,50,1
F003,E1,GQ_HEAVY,waving,100,1.4
F003,E9,GQ_HEAVY,disdain,25,1.7
F003,E3,GQ_HEAVY,yelling,100,2.2
F003,E10,GQ_HEAVY,gratitude,75,2
F003,E6,GQ_HEAVY,begging,50,1
F003,E4,GQ_HEAVY,scolding_viewer,75,1.9
F003,E2,GQ_HEAVY,praising,100,1.7
F003,E5,GQ_HEAVY,thinking,75,1.6
F004,E1,GQ_MED,waving,75,2.1
F004,E3,SLBC_1,yelling,50,1.2
F004,E9,DS_MED,disdain,75,4.4
F004,E5,HLBC_1,mocking_stupidity,75,2.7
F004,E8,DS_MED,cursing,75,4.2
F004,E4,RD_720P,scolding_viewer,75,4.4
F004,E6,DS_LIGHT,begging,75,4.7
F004,E10,LFR_10,gratitude,100,4
F004,E7,MLBC_2,none,25,3.6
F004,E2,MLBC_2,praising,75,3.5
F004,E8,SLBC_1,cursing,75,1.8
F004,E1,HLBC_2,waving,50,2
F004,E5,RD_720P,mocking_stupidity,100,4.8
F004,E4,SLBC_1,scolding_viewer,75,1.5
F004,E9,MLBC_1,disdain,50,4.1
F004,E7,RD_720P,agreement,25,4.9
F004,E6,HLBC_2,begging,75,1.7
F004,E10,SLBC_1,gratitude,50,2.1
F004,E3,LFR_15,yelling,75,3.9
F004,E2,SLBC_1,praising,50,1.8
F004,E6,MLBC_2,begging,75,3.2
F004,E3,GQ_MED,yelling,75,3.6
F004,E10,DS_MED,gratitude,75,4.8
F004,E8,HLBC_2,cursing,75,2.5
F004,E2,LFR_15,praising,100,3.8
F004,E9,HLBC_1,disdain,50,3.4
F004,E7,MLBC_1,none,50,3.8
F004,E5,ORIG,mocking_stupidity,75,4.8
F004,E4,LFR_15,scolding_viewer,75,4.3
F004,E1,SLBC_1,waving,25,1.1
F004,E6,MLBC_1,begging,75,3.6
F004,E10,RD_720P,gratitude,75,4.8
F004,E4,HLBC_1,scolding_viewer,75,3.2
F004,E2,GQ_MED,praising,75,3.7
F004,E7,LFR_10,agreement,50,4.1
F004,E1,LFR_15,waving,75,4.4
F004,E8,LFR_15,cursing,100,4.9
F004,E9,SLBC_1,disdain,75,1.5
F004,E3,RD_720P,yelling,75,4.8
F004,E5,DS_MED,mocking_stupidity,100,4.9
F004,E6,RD_360P,begging,75,3.4
F004,E1,HLBC_1,waving,75,2.8
F004,E8,GQ_MED,cursing,75,3.4
F004,E2,RD_360P,praising,75,3.6
F004,E5,LFR_10,mocking_stupidity,75,3.8
F004,E7,DS_LIGHT,agreement,50,4.9
F004,E3,HLBC_1,yelling,75,3.1
F004,E10,MLBC_2,gratitude,75,3.7
F004,E4,GQ_MED,scolding_viewer,75,3.2
F004,E9,MLBC_2,disdain,75,3.6
F005,E7,LFR_10,agreement,25,4.5
F005,E8,SLBC_1,cursing,75,1
F005,E6,MLBC_2,begging,75,1.8
F005,E9,GQ_MED,disdain,50,2.1
F005,E10,HLBC_2,apologizing,75,2
F005,E1,MLBC_2,waving,75,2.5
F005,E5,DS_MED,mocking_stupidity,100,4.5
F005,E4,DS_LIGHT,scolding_viewer,75,4.2
F005,E3,RD_360P,yelling,100,2.4
F005,E2,HLBC_1,praising,100,1.8
F005,E10,HLBC_1,apologizing,75,1.7
F005,E6,MLBC_1,begging,100,2
F005,E7,DS_MED,agreement,50,4.5
F005,E4,LFR_10,scolding_viewer,75,4.4
F005,E8,RD_360P,cursing,75,4.5
F005,E2,SLBC_1,praising,75,1
F005,E9,LFR_10,disdain,75,4
F005,E3,MLBC_2,yelling,75,2
F005,E5,ORIG,mocking_stupidity,100,5
F005,E1,RD_720P,waving,100,4.7
F005,E6,LFR_10,begging,100,4.7
F005,E3,RD_720P,trying_persuade,100,4
F005,E5,GQ_LIGHT,mocking_stupidity,100,3
F005,E1,LFR_10,waving,100,3.5
F005,E10,SLBC_1,apologizing,75,1
F005,E2,GQ_LIGHT,praising,100,2.5
F005,E4,GQ_LIGHT,scolding_viewer,100,2.6
F005,E7,MLBC_1,agreement,50,3
F005,E9,DS_MED,disdain,75,4.1
F005,E8,MLBC_2,cursing,100,3
F005,E1,SLBC_1,waving,75,1
F005,E9,GQ_LIGHT,disdain,75,2.5
F005,E3,GQ_LIGHT,yelling,100,2.5
F005,E4,MLBC_1,scolding_viewer,75,2.5
F005,E6,DS_LIGHT,begging,100,4.5
F005,E7,ORIG,agreement,50,5
F005,E8,HLBC_2,cursing,100,1.5
F005,E2,RD_360P,praising,100,3
F005,E10,ORIG,gratitude,75,4
F005,E5,HLBC_2,mocking_stupidity,100,1
F005,E8,GQ_LIGHT,cursing,100,3.5
F005,E7,DS_LIGHT,agreement,50,4.5
F005,E1,HLBC_1,waving,100,1
F005,E9,HLBC_1,disdain,75,1.5
F005,E3,HLBC_2,yelling,100,2
F005,E10,GQ_LIGHT,gratitude,75,4
F005,E6,GQ_LIGHT,begging,100,2
F005,E4,DS_MED,scolding_viewer,100,4.5
F005,E2,LFR_10,praising,100,3
F005,E5,MLBC_1,mocking_stupidity,100,2.5
F006,E8,DS_LIGHT,cursing,100,4.5
F006,E3,GQ_MED,yelling,100,1.8
F006,E1,GQ_MED,waving,100,2.5
F006,E10,DS_MED,gratitude,100,1.9
F006,E4,MLBC_2,scolding_viewer,75,1.3
F006,E9,MLBC_2,disdain,75,1.4
F006,E6,RD_720P,praying,100,5
F006,E7,HLBC_1,agreement,75,2
F006,E5,SLBC_1,mocking_stupidity,100,1
F006,E2,LFR_10,praising,100,2.5
F006,E9,RD_720P,disdain,100,5
F006,E3,HLBC_2,yelling,100,1.1
F006,E8,HLBC_2,cursing,100,1.3
F006,E5,LFR_15,mocking_stupidity,100,5
F006,E1,RD_720P,waving,100,4.8
F006,E2,SLBC_1,praising,75,1
F006,E7,RD_720P,agreement,100,5
F006,E6,SLBC_1,praying,100,1
F006,E4,SLBC_1,scolding_viewer,75,1
F006,E10,SLBC_1,gratitude,75,1.5
F006,E5,GQ_MED,mocking_stupidity,100,3.5
F006,E1,MLBC_1,waving,100,4.2
F006,E3,SLBC_1,yelling,100,1
F006,E10,HLBC_2,gratitude,100,2.2
F006,E7,ORIG,agreement,100,5
F006,E8,MLBC_2,cursing,100,4.4
F006,E9,MLBC_1,disdain,100,4.5
F006,E2,LFR_15,praising,100,4.4
F006,E6,LFR_15,praying,100,5
F006,E4,LFR_15,scolding_viewer,100,4.1
F006,E3,LFR_15,yelling,100,4.2
F006,E10,LFR_15,gratitude,100,4.4
F006,E5,RD_720P,mocking_stupidity,100,5
F006,E8,MLBC_1,cursing,100,3.7
F006,E9,LFR_10,disdain,100,4.1
F006,E7,DS_MED,agreement,100,4.8
F006,E2,HLBC_1,praising,100,1.3
F006,E4,GQ_MED,scolding_viewer,100,3.4
F006,E6,HLBC_1,praying,100,2.5
F006,E1,ORIG,waving,100,5
F006,E5,HLBC_1,mocking_stupidity,100,2.8
F006,E8,RD_360P,cursing,100,2.7
F006,E1,MLBC_2,waving,100,2.3
F006,E6,GQ_MED,praying,100,2.5
F006,E9,DS_LIGHT,disdain,100,4.4
F006,E4,RD_360P,scolding_viewer,100,2.8
F006,E10,GQ_MED,gratitude,100,3.8
F006,E3,HLBC_1,yelling,100,1.5
F006,E7,LFR_10,agreement,100,3.6
F006,E2,GQ_MED,praising,100,3.6
F007,E1,ORIG,waving,100,4
F007,E3,DS_LIGHT,yelling,75,4
F007,E9,DS_LIGHT,disdain,75,4.1
F007,E5,MLBC_2,mocking_stupidity,50,3
F007,E8,RD_360P,cursing,50,2.5
F007,E4,ORIG,scolding_viewer,75,4
F007,E6,DS_LIGHT,begging,75,4
F007,E10,ORIG,gratitude,75,4
F007,E7,ORIG,agreement,75,4
F007,E2,RD_360P,praising,75,2.5
F007,E8,LFR_15,cursing,50,3
F007,E1,DS_MED,none,50,3
F007,E5,RD_360P,mocking_stupidity,50,3
F007,E4,RD_360P,scolding_viewer,75,3
F007,E9,LFR_10,disdain,75,3
F007,E7,LFR_15,agreement,50,3.5
F007,E6,LFR_15,begging,75,3
F007,E10,LFR_10,gratitude,75,3
F007,E3,RD_720P,yelling,75,3
F007,E2,RD_720P,praising,75,3.5
F007,E6,MLBC_1,begging,75,3
F007,E3,LFR_10,yelling,75,3
F007,E10,RD_720P,gratitude,75,3
F007,E8,GQ_MED,cursing,50,3
F007,E2,ORIG,praising,75,4
F007,E9,MLBC_2,disdain,75,3
F007,E7,RD_720P,agreement,50,3
F007,E5,HLBC_2,none,25,2
F007,E4,DS_MED,scolding_viewer,75,4
F007,E1,DS_LIGHT,waving,50,3
F007,E6,GQ_MED,begging,25,2
F007,E10,RD_360P,gratitude,50,2.5
F007,E4,HLBC_2,scolding_viewer,50,2
F007,E2,MLBC_2,praising,75,2.5
F007,E7,SLBC_1,none,25,1.5
F007,E1,MLBC_1,waving,25,3
F007,E8,DS_MED,cursing,50,3
F007,E9,RD_720P,disdain,75,3.6
F007,E3,HLBC_1,yelling,50,2.5
F007,E5,GQ_LIGHT,mocking_stupidity,50,3.6
F007,E6,GQ_HEAVY,begging,25,1.4
F007,E1,GQ_HEAVY,waving,25,1.4
F007,E8,GQ_HEAVY,cursing,25,2
F007,E2,GQ_HEAVY,praising,50,1.8
F007,E5,GQ_HEAVY,mocking_stupidity,50,1.5
F007,E7,GQ_HEAVY,agreement,50,1.5
F007,E3,GQ_HEAVY,yelling,50,1.5
F007,E10,GQ_HEAVY,gratitude,75,3
F007,E4,GQ_HEAVY,scolding_viewer,75,3
F007,E9,GQ_HEAVY,disdain,50,3
F008,E10,GQ_LIGHT,gratitude,100,5
F008,E5,SLBC_1,mocking_stupidity,100,3
F008,E9,LFR_15,shy,75,3
F008,E7,HLBC_2,agreement,25,2
F008,E3,MLBC_2,yelling,100,5
F008,E1,DS_LIGHT,waving,100,5
F008,E8,GQ_LIGHT,cursing,100,5
F008,E4,LFR_10,scolding_viewer,75,4.8
F008,E6,GQ_MED,begging,100,4.3
F008,E2,DS_MED,praising,50,2.4
F008,E4,DS_MED,scolding_viewer,75,3.8
F008,E5,RD_360P,mocking_stupidity,100,4.3
F008,E7,HLBC_1,agreement,50,2.3
F008,E1,LFR_10,waving,75,4.2
F008,E9,GQ_MED,shy,50,2.2
F008,E2,ORIG,praising,100,5
F008,E6,LFR_10,begging,100,4.9
F008,E3,MLBC_1,yelling,100,4.9
F008,E8,HLBC_1,cursing,100,3.9
F008,E10,DS_LIGHT,apologizing,25,2.1
F008,E3,LFR_10,yelling,100,4
F008,E6,DS_MED,begging,100,4.7
F008,E1,GQ_LIGHT,waving,100,3.6
F008,E4,MLBC_1,scolding_viewer,100,2.6
F008,E8,ORIG,cursing,100,4.9
F008,E2,GQ_LIGHT,praising,100,4
F008,E10,HLBC_2,apologizing,25,1.4
F008,E9,DS_LIGHT,shy,25,4
F008,E5,MLBC_2,mocking_stupidity,100,2.7
F008,E7,SLBC_1,disapproval,25,1.5
F008,E3,DS_LIGHT,trying_persuade,50,4.2
F008,E10,ORIG,gratitude,75,4.2
F008,E2,HLBC_2,praising,100,1.1
F008,E4,ORIG,scolding_viewer,100,3.3
F008,E7,ORIG,agreement,100,4.3
F008,E9,GQ_LIGHT,shy,50,3.5
F008,E6,GQ_LIGHT,begging,100,2.9
F008,E1,MLBC_1,waving,75,2.6
F008,E5,HLBC_2,mocking_stupidity,100,1.8
F008,E8,MLBC_1,cursing,100,4.4
F008,E1,DS_MED,saying_no,75,2.7
F008,E4,DS_LIGHT,scolding_viewer,100,4.2
F008,E5,GQ_LIGHT,mocking_stupidity,100,3.1
F008,E3,GQ_LIGHT,yelling,75,2.7
F008,E9,HLBC_2,shy,25,1.7
F008,E8,RD_360P,cursing,100,2.5
F008,E7,GQ_LIGHT,agreement,75,4.1
F008,E2,MLBC_1,praising,100,2.8
F008,E6,HLBC_1,begging,100,2
F008,E10,HLBC_1,apologizing,50,2.1
F009,E10,RD_720P,gratitude,75,4.5
F009,E4,HLBC_1,scolding_viewer,100,3
F009,E5,DS_LIGHT,mocking_stupidity,100,4.5
F009,E3,RD_720P,trying_persuade,50,4.5
F009,E1,MLBC_2,waving,100,3
F009,E9,LFR_10,disdain,50,4.5
F009,E6,MLBC_2,praying,75,3
F009,E7,DS_MED,none,25,4
F009,E8,DS_MED,cheering,25,4
F009,E2,SLBC_1,praising,75,1
F009,E4,RD_720P,scolding_viewer,75,4.5
F009,E2,LFR_15,praising,100,4
F009,E5,HLBC_2,mocking_stupidity,50,1
F009,E1,SLBC_1,waving,50,1
F009,E9,SLBC_1,none,50,1
F009,E10,ORIG,gratitude,75,4.5
F009,E8,MLBC_1,none,50,4
F009,E6,RD_720P,praying,75,4.5
F009,E7,SLBC_1,none,50,1
F009,E3,SLBC_1,trying_persuade,25,1
F009,E10,LFR_10,gratitude,75,4.5
F009,E1,LFR_15,waving,100,4.5
F009,E5,MLBC_2,none,25,3
F009,E6,MLBC_1,praying,75,4
F009,E7,HLBC_2,none,50,2
F009,E4,ORIG,scolding_viewer,100,4.5
F009,E2,GQ_MED,praising,75,2.5
F009,E8,HLBC_1,none,50,3
F009,E9,DS_MED,none,50,4
F009,E3,LFR_15,trying_persuade,25,4.5
F009,E4,DS_MED,scolding_viewer,100,4.5
F009,E7,LFR_15,none,50,4
F009,E9,RD_720P,none,50,4.5
F009,E5,MLBC_1,mocking_stupidity,50,4.5
F009,E6,LFR_10,praying,50,4.5
F009,E8,SLBC_1,none,25,1
F009,E1,GQ_MED,waving,75,2
F009,E2,RD_720P,praising,100,4
F009,E10,GQ_LIGHT,gratitude,75,4
F009,E3,HLBC_1,trying_persuade,25,2
F009,E9,MLBC_2,none,50,3.5
F009,E10,HLBC_1,gratitude,75,2.5
F009,E2,HLBC_1,praising,100,2
F009,E6,DS_LIGHT,praying,50,4.5
F009,E7,GQ_MED,none,25,2.5
F009,E5,RD_360P,mocking_stupidity,75,2.5
F009,E4,LFR_10,scolding_viewer,100,4.5
F009,E1,RD_360P,waving,100,3
F009,E3,GQ_MED,trying_persuade,25,3
F009,E8,MLBC_2,none,50,3
F010,E10,RD_720P,gratitude,100,4.9
F010,E4,GQ_MED,scolding_viewer,75,2
F010,E5,HLBC_2,mocking_stupidity,25,2.1
F010,E3,SLBC_1,singing,25,1.4
F010,E1,MLBC_2,waving,100,3.6
F010,E9,GQ_MED,disdain,25,3.3
F010,E6,GQ_LIGHT,begging,50,3.5
F010,E7,LFR_15,none,75,4.8
F010,E8,GQ_LIGHT,cursing,75,4.9
F010,E2,LFR_10,praising,75,4.6
F010,E4,LFR_10,scolding_viewer,100,4.5
F010,E2,DS_MED,none,100,2.5
F010,E5,HLBC_1,mocking_stupidity,25,2.1
F010,E1,MLBC_1,waving,100,3.2
F010,E9,LFR_15,disdain,100,4.9
F010,E10,GQ_LIGHT,gratitude,50,3.1
F010,E8,DS_LIGHT,none,100,4
F010,E6,HLBC_1,begging,25,1.7
F010,E7,GQ_MED,agreement,25,1.5
F010,E3,RD_360P,yelling,25,2.6
F010,E10,LFR_15,gratitude,75,4.6
F010,E1,LFR_10,waving,75,4.5
F010,E5,SLBC_1,mocking_stupidity,,1.3
F010,E6,ORIG,begging,50,4.6
F010,E7,DS_LIGHT,disapproval,75,4.5
F010,E4,DS_MED,scolding_viewer,75,3.4
F010,E2,MLBC_1,praising,75,2.8
F010,E8,HLBC_2,cursing,50,1.3
F010,E9,RD_360P,disdain,25,1.2
F010,E3,MLBC_2,yelling,50,2.6
F010,E4,GQ_LIGHT,scolding_viewer,50,3.5
F010,E7,GQ_LIGHT,agreement,50,3.7
F010,E9,SLBC_1,disdain,25,1
F010,E5,ORIG,thinking,50,4.8
F010,E6,MLBC_1,praying,50,3.3
F010,E8,ORIG,cursing,50,4.4
F010,E1,DS_LIGHT,waving,100,3.6
F010,E2,ORIG,praising,100,4.9
F010,E10,HLBC_1,apologizing,50,2.3
F010,E3,HLBC_2,giving_speech,25,1.3
F010,E9,DS_MED,disdain,100,4
F010,E10,LFR_10,gratitude,100,4
F010,E2,DS_LIGHT,praising,100,4
F010,E6,RD_360P,begging,50,2.1
F010,E7,HLBC_2,agreement,25,1.5
F010,E5,GQ_LIGHT,mocking_stupidity,50,3.3
F010,E4,HLBC_1,scolding_viewer,50,1.8
F010,E1,GQ_LIGHT,waving,100,3.7
F010,E3,GQ_LIGHT,yelling,75,3.6
F010,E8,HLBC_1,cursing,25,2.2
F011,E3,DS_LIGHT,trying_persuade,75,3.3
F011,E6,DS_MED,praying,75,3.1
F011,E10,RD_720P,gratitude,75,2.2
F011,E5,DS_MED,mocking_stupidity,50,3.7
F011,E7,LFR_10,agreement,50,2
F011,E4,MLBC_2,scolding_viewer,75,1.7
F011,E8,RD_720P,cursing,50,2.6
F011,E9,MLBC_1,shy,50,2.7
F011,E1,RD_720P,waving,100,2.7
F011,E2,HLBC_1,praising,75,2
F011,E8,ORIG,cursing,75,3.6
F011,E9,SLBC_1,disdain,75,1.6
F011,E2,RD_720P,praising,75,2.9
F011,E3,HLBC_2,trying_persuade,50,1.8
F011,E5,SLBC_1,mocking_stupidity,50,2.4
F011,E1,SLBC_1,waving,100,2.4
F011,E6,MLBC_1,praying,75,3.4
F011,E10,LFR_15,gratitude,75,3.5
F011,E7,SLBC_1,agreement,50,2
F011,E4,RD_720P,scolding_viewer,75,3.3
F011,E8,LFR_10,cursing,50,3.1
F011,E5,HLBC_2,mocking_stupidity,50,1.8
F011,E2,ORIG,praising,75,3.1
F011,E4,MLBC_1,scolding_viewer,50,3.2
F011,E7,DS_MED,disapproval,75,3.3
F011,E1,LFR_15,waving,75,3.4
F011,E3,MLBC_2,yelling,50,2.7
F011,E6,HLBC_1,praying,75,3.2
F011,E10,HLBC_2,gratitude,50,2.1
F011,E9,DS_LIGHT,disdain,50,3.9
F011,E6,SLBC_1,praying,75,1.8
F011,E3,MLBC_1,yelling,75,3.3
F011,E9,DS_MED,disdain,50,3.4
F011,E5,LFR_15,mocking_stupidity,75,3.6
F011,E1,HLBC_1,waving,75,3.4
F011,E2,DS_MED,hitchhiking,75,3.4
F011,E10,ORIG,gratitude,75,3.8
F011,E4,LFR_10,scolding_viewer,75,3.5
F011,E7,RD_720P,disapproval,50,3.4
F011,E8,GQ_LIGHT,cursing,75,3.3
F011,E9,GQ_MED,disdain,75,3.4
F011,E10,LFR_10,gratitude,50,2.8
F011,E3,RD_360P,yelling,75,3.2
F011,E6,MLBC_2,praying,75,2.6
F011,E4,DS_LIGHT,scolding_viewer,75,3.2
F011,E2,LFR_10,praising,75,3.5
F011,E1,GQ_MED,waving,75,2
F011,E7,MLBC_2,disapproval,50,2.1
F011,E8,HLBC_1,cursing,50,2.1
F011,E5,GQ_MED,mocking_stupidity,50,2.5
F012,E3,HLBC_2,yelling,75,2.5
F012,E6,GQ_LIGHT,praying,75,3.8
F012,E10,LFR_10,gratitude,100,4.4
F012,E5,LFR_15,mocking_stupidity,100,4.5
F012,E7,GQ_MED,agreement,100,2.5
F012,E4,GQ_LIGHT,scolding_viewer,100,3.5
F012,E8,RD_720P,cursing,100,3.9
F012,E9,GQ_MED,disdain,100,3
F013,E1,ORIG,waving,100,5
F013,E7,ORIG,none,75,5
F012,E1,SLBC_1,saying_no,75,1.8
F013,E6,DS_LIGHT,praying,100,4.3
F012,E2,GQ_MED,praising,100,3.1
F013,E8,RD_360P,cursing,100,2
F012,E8,GQ_LIGHT,cursing,100,4.6
F013,E5,RD_360P,mocking_stupidity,100,2
F012,E9,GQ_LIGHT,disdain,100,4.4
F013,E4,ORIG,scolding_viewer,100,5
F012,E2,LFR_10,praising,100,4.7
F013,E10,MLBC_2,apologizing,100,2.3
F012,E3,HLBC_1,yelling,100,2.4
F013,E9,DS_LIGHT,disdain,100,5
F012,E5,GQ_MED,mocking_stupidity,100,3.2
F013,E3,DS_LIGHT,yelling,100,2.9
F012,E1,RD_360P,waving,75,3.6
F012,E6,DS_LIGHT,begging,100,4.7
F013,E2,RD_360P,praising,75,1.7
F012,E10,LFR_15,gratitude,100,4.6
F013,E7,HLBC_2,disapproval,75,1
F013,E6,HLBC_2,praying,100,1.8
F012,E7,LFR_15,agreement,100,4.7
F013,E3,LFR_10,yelling,100,5
F012,E4,HLBC_1,scolding_viewer,100,2.1
F013,E8,MLBC_2,cursing,100,4
F012,E8,LFR_15,cursing,100,4.7
F013,E4,LFR_10,scolding_viewer,100,4.3
F013,E1,LFR_15,waving,100,4.4
F012,E5,DS_LIGHT,mocking_stupidity,100,4.7
F013,E9,MLBC_2,disdain,100,3
F012,E2,DS_MED,none,50,4.5
F013,E2,LFR_15,praising,100,4
F012,E4,ORIG,scolding_viewer,100,4.7
F013,E10,ORIG,gratitude,100,4.2
F012,E7,RD_360P,agreement,75,3.1
F013,E5,MLBC_1,mocking_stupidity,75,2.5
F012,E1,MLBC_2,waving,100,2.5
F013,E3,MLBC_2,yelling,100,2.3
F013,E2,GQ_MED,praising,100,1.6
F012,E3,SLBC_1,yelling,100,1.8
F013,E1,RD_720P,waving,100,5
F013,E5,GQ_MED,mocking_stupidity,100,2.1
F012,E6,HLBC_2,begging,50,2.5
F013,E4,RD_720P,scolding_viewer,100,4.1
F013,E9,HLBC_1,disdain,100,2.2
F012,E10,ORIG,gratitude,100,4.9
F013,E10,LFR_15,gratitude,100,4.6
F012,E9,MLBC_1,disdain,100,4
F013,E6,MLBC_2,praying,100,2.5
F012,E6,ORIG,praying,75,4.5
F012,E3,ORIG,yelling,100,4.6
F013,E7,RD_360P,none,75,2.1
F013,E8,SLBC_1,cursing,100,1
F012,E9,DS_MED,disdain,100,3.9
F012,E5,GQ_LIGHT,mocking_stupidity,100,3.7
F013,E6,MLBC_1,praying,100,5
F012,E1,HLBC_2,waving,75,1.3
F012,E2,GQ_LIGHT,praising,100,4.4
F012,E10,RD_720P,gratitude,100,3.8
F012,E4,MLBC_1,scolding_viewer,100,3.1
F012,E7,SLBC_1,agreement,50,1.3
F013,E8,HLBC_1,cursing,100,1.7
F012,E8,HLBC_1,cursing,75,2.5
F013,E7,MLBC_2,none,75,2.3
F012,E9,DS_LIGHT,disdain,100,4.8
F012,E10,DS_MED,gratitude,100,3.8
F013,E9,HLBC_2,disdain,100,1
F013,E4,RD_360P,scolding_viewer,100,2
F012,E3,GQ_LIGHT,yelling,100,3.4
F013,E5,LFR_15,mocking_stupidity,100,4
F012,E6,HLBC_1,begging,75,2.6
F013,E1,SLBC_1,waving,100,1.5
F012,E4,RD_360P,scolding_viewer,100,2.8
F013,E3,RD_720P,yelling,100,4.9
F013,E2,DS_MED,none,100,3
F013,E10,GQ_LIGHT,gratitude,100,3.3
F013,E1,GQ_HEAVY,waving,100,1
F013,E9,GQ_HEAVY,disdain,100,1
F013,E2,GQ_HEAVY,praising,100,1
F013,E7,GQ_HEAVY,none,100,1.7
F013,E5,GQ_HEAVY,mocking_stupidity,100,1.8
F013,E6,GQ_HEAVY,praying,100,1.7
F013,E3,GQ_HEAVY,yelling,100,1.5
F012,E2,HLBC_1,praising,75,2
F013,E8,GQ_HEAVY,cursing,100,1.5
F012,E1,GQ_LIGHT,waving,100,3.9
F013,E4,GQ_HEAVY,scolding_viewer,100,1.5
F012,E7,DS_MED,agreement,100,4.7
F012,E8,LFR_10,cursing,100,3.9
F013,E10,GQ_HEAVY,apologizing,75,1.8
F012,E5,HLBC_2,mocking_stupidity,75,2.6
F014,E8,LFR_10,cheering,75,5
F014,E4,GQ_LIGHT,scolding_viewer,100,5
F014,E3,LFR_15,yelling,100,5
F014,E6,RD_720P,praying,100,2.5
F014,E7,GQ_MED,agreement,75,2.7
F014,E1,HLBC_2,waving,50,1.4
F014,E10,LFR_10,apologizing,75,5
F014,E5,GQ_MED,thinking,75,2.9
F014,E9,SLBC_1,disdain,50,1
F014,E2,GQ_LIGHT,praising,100,5
F014,E10,LFR_15,apologizing,100,5
F014,E2,HLBC_1,praising,100,2.6
F014,E8,LFR_15,cheering,50,5
F014,E7,GQ_LIGHT,agreement,75,5
F014,E3,GQ_MED,yelling,100,2.5
F014,E1,HLBC_1,waving,75,2.1
F014,E9,DS_MED,disdain,100,5
F014,E4,DS_LIGHT,scolding_viewer,100,5
F014,E6,GQ_LIGHT,praying,100,5
F014,E5,LFR_15,mocking_stupidity,75,4.9
F014,E3,DS_LIGHT,yelling,100,5
F014,E7,MLBC_1,agreement,75,5
F014,E9,RD_720P,disdain,100,2.5
F014,E1,SLBC_1,waving,75,1
F014,E6,LFR_15,begging,50,5
F014,E2,ORIG,praising,100,5
F014,E4,HLBC_2,scolding_viewer,75,1.3
F014,E10,MLBC_2,apologizing,75,1.5
F014,E8,ORIG,cursing,50,5
F014,E5,RD_360P,mocking_stupidity,50,2.2
F014,E10,RD_720P,apologizing,75,4.1
F014,E2,MLBC_1,praising,75,3.6
F014,E1,ORIG,waving,100,5
F014,E7,DS_MED,agreement,75,5
F014,E5,SLBC_1,mocking_stupidity,25,1.3
F014,E8,RD_720P,cursing,75,3.1
F014,E3,GQ_LIGHT,yelling,75,2.9
F014,E6,HLBC_1,begging,50,2.1
F014,E9,RD_360P,disdain,50,2.1
F014,E4,ORIG,scolding_viewer,100,5
F014,E6,LFR_10,begging,100,5
F014,E4,HLBC_1,scolding_viewer,75,2.3
F014,E1,GQ_LIGHT,waving,75,4.1
F014,E10,DS_MED,apologizing,75,5
F014,E3,HLBC_2,yelling,100,1.7
F014,E7,DS_LIGHT,agreement,25,5
F014,E9,LFR_10,disdain,100,4.9
F014,E8,DS_MED,cursing,75,5
F014,E5,DS_MED,mocking_stupidity,75,5
F014,E2,RD_360P,praising,100,2
F015,E1,GQ_LIGHT,waving,75,2.9
F015,E7,LFR_10,agreement,75,3.9
F015,E6,GQ_MED,begging,50,2
F015,E8,SLBC_1,cursing,75,1.1
F015,E5,RD_720P,mocking_stupidity,75,2.9
F015,E4,GQ_MED,scolding_viewer,50,1.5
F015,E10,DS_MED,gratitude,75,3.7
F015,E9,LFR_10,shy,50,4.3
F015,E3,GQ_LIGHT,yelling,75,3.1
F015,E2,LFR_15,praising,100,4.2
F015,E7,LFR_15,agreement,75,4.2
F015,E6,GQ_LIGHT,begging,75,2
F015,E3,DS_LIGHT,yelling,75,4
F015,E8,DS_MED,cursing,75,4.3
F015,E4,LFR_15,scolding_viewer,75,4
F015,E1,HLBC_1,waving,75,1.3
F015,E9,LFR_15,shy,75,4.8
F015,E2,GQ_MED,praising,75,1.5
F015,E10,MLBC_2,gratitude,75,1.6
F015,E5,GQ_LIGHT,mocking_stupidity,75,4
F015,E3,HLBC_2,yelling,75,1.1
F015,E2,DS_LIGHT,praising,75,4.3
F015,E1,ORIG,waving,75,4.4
F015,E5,LFR_15,mocking_stupidity,75,4.2
F015,E4,RD_360P,scolding_viewer,75,1.4
F015,E9,MLBC_2,shy,75,3
F015,E10,RD_720P,gratitude,75,3.7
F015,E6,MLBC_1,begging,75,2.6
F015,E7,ORIG,agreement,75,4.2
F015,E8,RD_720P,cursing,75,3.1
F015,E6,DS_MED,begging,75,3.8
F015,E8,RD_360P,cursing,75,1.8
F015,E7,RD_720P,agreement,75,3.3
F015,E9,RD_720P,shy,75,3.1
F015,E4,SLBC_1,scolding_viewer,75,1.1
F015,E5,HLBC_1,mocking_stupidity,75,1.4
F015,E1,MLBC_1,waving,75,3.1
F015,E3,ORIG,yelling,100,4.7
F015,E2,GQ_LIGHT,praising,100,3.3
F015,E10,MLBC_1,gratitude,100,4
F015,E1,RD_360P,waving,100,1.9
F015,E9,DS_MED,shy,100,4.2
F015,E2,HLBC_2,praising,100,1.6
F015,E7,DS_MED,disapproval,50,3.9
F015,E5,LFR_10,mocking_stupidity,75,4
F015,E6,DS_LIGHT,begging,100,4.1
F015,E3,HLBC_1,yelling,100,1.4
F015,E8,LFR_10,cursing,75,4.4
F015,E4,DS_MED,scolding_viewer,75,4.4
F015,E10,HLBC_2,gratitude,75,1.2
F016,E10,ORIG,gratitude,100,4.4
F016,E6,DS_LIGHT,praying,100,4.4
F016,E7,MLBC_2,agreement,75,3.8
F016,E8,RD_360P,cursing,75,3.8
F016,E1,ORIG,waving,75,4.6
F016,E4,ORIG,scolding_viewer,100,4.5
F016,E9,DS_LIGHT,disdain,75,4.5
F016,E3,DS_LIGHT,yelling,75,4.7
F016,E5,RD_360P,thinking,75,3.8
F016,E2,RD_360P,praising,100,3.8
F016,E10,GQ_LIGHT,gratitude,75,3.6
F016,E1,LFR_10,waving,100,4.6
F016,E8,ORIG,cursing,75,4.5
F016,E3,HLBC_2,yelling,75,2.5
F016,E9,GQ_LIGHT,disdain,75,3.7
F016,E6,MLBC_2,begging,50,3.2
F016,E5,MLBC_2,thinking,75,3.4
F016,E2,MLBC_1,praising,75,3.8
F016,E4,HLBC_2,scolding_viewer,25,2.3
F016,E7,ORIG,agreement,100,4.3
F016,E1,RD_720P,waving,75,2.5
F016,E3,MLBC_2,yelling,50,3.8
F016,E8,DS_LIGHT,cursing,75,4.4
F016,E2,GQ_MED,praising,75,2.4
F016,E5,SLBC_1,mocking_stupidity,50,2.1
F016,E10,LFR_10,gratitude,100,4.3
F016,E6,HLBC_1,begging,50,2.5
F016,E9,ORIG,disdain,75,4
F016,E4,RD_360P,scolding_viewer,75,2.5
F016,E7,LFR_15,agreement,75,4.3
F016,E9,SLBC_1,distracted,25,1.9
F016,E8,GQ_MED,cursing,75,3.4
F016,E10,DS_LIGHT,apologizing,50,3.9
F016,E1,RD_360P,waving,50,2.6
F016,E3,MLBC_1,yelling,75,3.7
F016,E7,GQ_LIGHT,disapproval,50,3.1
F016,E5,HLBC_1,mocking_stupidity,50,2.5
F016,E2,LFR_15,praising,100,4.5
F016,E6,HLBC_2,begging,50,2.5
F016,E4,MLBC_2,scolding_viewer,50,2.9
F016,E1,GQ_HEAVY,saying_no,50,2.1
F016,E3,GQ_HEAVY,yelling,50,2.3
F016,E5,GQ_HEAVY,thinking,50,2.4
F016,E7,GQ_HEAVY,disapproval,50,2.2
F016,E10,GQ_HEAVY,gratitude,50,2.2
F016,E4,GQ_HEAVY,scolding_viewer,50,2.5
F016,E9,GQ_HEAVY,disdain,50,2.4
F016,E2,GQ_HEAVY,praising,50,2.3
F016,E8,GQ_HEAVY,cursing,50,2.1
F016,E6,GQ_HEAVY,begging,50,2.1
F017,E9,SLBC_1,disdain,50,1.5
F017,E8,DS_MED,cursing,75,5
F017,E7,LFR_10,none,50,4
F017,E3,RD_720P,yelling,75,2.3
F017,E6,SLBC_1,praying,75,1
F017,E1,GQ_LIGHT,waving,75,4.6
F017,E10,LFR_15,gratitude,100,4
F017,E5,LFR_10,mocking_stupidity,50,2.7
F017,E4,GQ_MED,directions,25,1.6
F017,E2,GQ_MED,praising,100,1.7
F017,E3,GQ_LIGHT,yelling,25,2.7
F017,E8,MLBC_2,cursing,25,1.8
F017,E2,LFR_15,praising,75,4.1
F017,E4,GQ_LIGHT,directions,50,3.8
F017,E10,LFR_10,gratitude,75,3.9
F017,E6,DS_MED,praying,100,4.6
F017,E9,MLBC_2,disdain,50,2.5
F017,E5,LFR_15,mocking_stupidity,100,4.5
F017,E1,DS_LIGHT,waving,100,3.6
F017,E7,LFR_15,none,25,4.2
F017,E8,RD_720P,none,75,2.3
F017,E7,MLBC_2,agreement,50,2.2
F017,E9,RD_720P,disdain,75,2.5
F017,E6,RD_720P,praying,100,1.8
F017,E1,HLBC_2,waving,100,1.4
F017,E3,LFR_15,yelling,75,2.2
F017,E2,RD_360P,praising,100,1.1
F017,E10,HLBC_2,gratitude,100,1.2
F017,E5,ORIG,mocking_stupidity,100,1.9
F017,E4,MLBC_1,directions,75,2.2
F017,E8,MLBC_1,cheering,50,2.3
F017,E3,HLBC_1,yelling,100,1.7
F017,E1,ORIG,waving,100,4.4
F017,E2,SLBC_1,praising,100,1
F017,E4,DS_MED,directions,75,3.5
F017,E6,RD_360P,praying,100,1.2
F017,E10,GQ_LIGHT,gratitude,100,2.4
F017,E5,RD_720P,mocking_stupidity,75,2.1
F017,E9,DS_MED,disdain,100,3.4
F017,E7,RD_720P,agreement,75,1.7
F017,E6,LFR_10,praying,100,2
F017,E4,DS_LIGHT,directions,75,3.7
F017,E2,DS_MED,none,25,1.8
F017,E7,DS_MED,agreement,50,3.7
F017,E10,SLBC_1,gratitude,25,1.1
F017,E9,HLBC_1,disdain,25,1.7
F017,E5,DS_MED,mocking_stupidity,100,3.6
F017,E3,LFR_10,yelling,75,4.1
F017,E1,HLBC_1,waving,75,3.3
F017,E8,HLBC_2,none,,1.4
F018,E10,DS_LIGHT,gratitude,75,5
F018,E3,RD_360P,yelling,75,5
F018,E4,DS_LIGHT,scolding_viewer,75,5
F018,E5,MLBC_2,mocking_stupidity,50,5
F018,E8,ORIG,cursing,75,5
F018,E1,DS_LIGHT,taunting,50,5
F018,E9,RD_360P,disdain,100,5
F018,E6,RD_360P,begging,100,5
F018,E7,DS_LIGHT,disapproval,100,5
F018,E2,ORIG,praising,100,5
F018,E10,GQ_MED,gratitude,100,5
F018,E9,GQ_MED,disdain,100,5
F018,E7,GQ_LIGHT,none,100,5
F018,E2,HLBC_2,praising,100,5
F018,E1,HLBC_2,waving,100,5
F018,E6,ORIG,begging,100,5
F018,E4,MLBC_2,scolding_viewer,100,5
F018,E5,ORIG,thinking,75,5
F018,E3,MLBC_2,trying_persuade,100,5
F018,E8,GQ_LIGHT,none,100,5
F018,E7,ORIG,agreement,100,5
F018,E6,DS_LIGHT,begging,100,5
F018,E4,HLBC_1,scolding_viewer,100,5
F018,E5,LFR_15,thinking,75,5
F018,E10,ORIG,gratitude,100,5
F018,E9,DS_LIGHT,disdain,100,5
F018,E1,MLBC_2,waving,75,5
F018,E8,LFR_10,none,100,5
F018,E2,RD_360P,praising,100,5
F018,E3,SLBC_1,trying_persuade,100,5
F018,E9,RD_720P,disdain,100,5
F018,E8,DS_LIGHT,none,75,5
F018,E5,GQ_LIGHT,thinking,50,5
F018,E10,RD_360P,apologizing,75,5
F018,E3,HLBC_1,trying_persuade,100,5
F018,E7,SLBC_1,disapproval,75,2.9
F018,E6,GQ_MED,begging,100,4.5
F018,E4,HLBC_2,scolding_viewer,100,5
F018,E2,MLBC_2,praising,100,5
F018,E1,MLBC_1,waving,100,5
F018,E4,GQ_HEAVY,scolding_viewer,100,4
F018,E9,GQ_HEAVY,disdain,100,4.5
F018,E8,GQ_HEAVY,cursing,75,4.5
F018,E2,GQ_HEAVY,praising,100,4
F018,E7,GQ_HEAVY,none,75,3.7
F018,E6,GQ_HEAVY,begging,100,3
F018,E10,GQ_HEAVY,apologizing,100,3.5
F018,E1,GQ_HEAVY,waving,100,3.9
F018,E5,GQ_HEAVY,mocking_stupidity,75,3.5
F018,E3,GQ_HEAVY,trying_persuade,100,3.7
F019,E1,ORIG,waving,75,4.5
F019,E5,RD_360P,thinking,50,2.7
F019,E8,RD_360P,cursing,75,2.6
F019,E6,DS_LIGHT,begging,50,3.7
F019,E10,ORIG,gratitude,75,4.3
F019,E4,MLBC_2,scolding_viewer,75,2.3
F019,E9,DS_LIGHT,disdain,75,3.9
F019,E3,DS_LIGHT,yelling,75,4.1
F019,E7,ORIG,none,50,4.4
F019,E2,RD_360P,praising,75,2.6
F019,E5,ORIG,none,25,4.5
F019,E2,MLBC_2,praising,75,1.7
F019,E8,GQ_MED,cursing,75,2.2
F019,E1,HLBC_2,waving,75,1.3
F019,E10,SLBC_1,gratitude,50,1.2
F019,E6,GQ_LIGHT,praying,50,3.1
F019,E4,ORIG,scolding_viewer,75,3.9
F019,E3,MLBC_2,yelling,50,2.5
F019,E7,GQ_LIGHT,agreement,50,4.2
F019,E9,GQ_MED,disdain,75,2.2
F019,E3,HLBC_1,yelling,75,1.7
F019,E5,DS_LIGHT,none,50,3.6
F019,E9,ORIG,disdain,75,4.2
F019,E1,RD_360P,waving,75,2.1
F019,E2,SLBC_1,praising,50,1
F019,E8,DS_LIGHT,cursing,75,4.4
F019,E4,LFR_15,scolding_viewer,75,4.4
F019,E7,LFR_10,agreement,75,3.7
F020,E1,RD_720P,waving,75,4.5
F019,E10,LFR_10,gratitude,75,3.6
F020,E5,GQ_MED,mocking_stupidity,100,2.2
F020,E8,SLBC_1,cursing,50,1.4
F019,E6,ORIG,begging,75,4.1
F020,E6,LFR_15,praying,100,4.6
F019,E1,MLBC_2,waving,75,1.9
F019,E9,RD_360P,disdain,75,2.2
F020,E10,MLBC_2,gratitude,75,3.9
F019,E2,HLBC_1,praising,75,1.5
F019,E4,GQ_LIGHT,scolding_viewer,75,2.5
F020,E4,MLBC_1,scolding_viewer,75,3.8
F019,E6,SLBC_1,begging,25,1
F019,E5,GQ_MED,none,50,1.9
F020,E9,MLBC_2,disdain,75,3.8
F019,E3,HLBC_2,yelling,50,1.2
F019,E8,RD_720P,cursing,75,4.1
F020,E3,HLBC_2,yelling,50,1.5
F019,E10,LFR_15,gratitude,75,3.4
F020,E7,MLBC_2,agreement,75,3.8
F019,E7,DS_LIGHT,agreement,75,3.3
F019,E10,GQ_HEAVY,gratitude,25,1.2
F020,E2,GQ_LIGHT,praising,100,4
F019,E6,GQ_HEAVY,begging,50,1
F020,E5,LFR_15,mocking_stupidity,75,4.9
F019,E8,GQ_HEAVY,pointing,50,1
F020,E2,SLBC_1,praising,50,1.1
F019,E1,GQ_HEAVY,waving,50,1.1
F020,E8,MLBC_1,cursing,50,3.4
F019,E4,GQ_HEAVY,scolding_viewer,50,1.1
F020,E1,LFR_15,waving,100,4.9
F019,E5,GQ_HEAVY,none,50,1.2
F019,E9,GQ_HEAVY,distracted,75,1.2
F020,E10,DS_LIGHT,gratitude,75,4.8
F019,E7,GQ_HEAVY,agreement,50,1.1
F019,E3,GQ_HEAVY,yelling,50,1
F020,E6,HLBC_2,praying,75,1.4
F019,E2,GQ_HEAVY,praising,50,1.2
F020,E4,HLBC_1,scolding_viewer,75,1.7
F020,E3,MLBC_1,yelling,75,3.4
F020,E7,ORIG,agreement,75,4.9
F020,E9,MLBC_1,disdain,75,3.6
F020,E3,GQ_MED,yelling,50,1.8
F020,E5,HLBC_1,mocking_stupidity,75,1.6
F020,E9,RD_720P,disdain,75,4.9
F020,E1,HLBC_2,waving,75,1.1
F020,E2,GQ_MED,praising,50,2
F020,E8,RD_720P,cursing,75,4.8
F020,E4,GQ_LIGHT,scolding_viewer,75,4.1
F020,E7,MLBC_1,agreement,75,3.8
F020,E10,HLBC_1,gratitude,50,1.4
F020,E6,MLBC_1,praying,100,3.7
F020,E1,ORIG,waving,100,4.9
F020,E9,DS_LIGHT,disdain,75,4.9
F020,E2,MLBC_1,praising,75,1.7
F020,E4,SLBC_1,directions,25,1.1
F020,E6,GQ_MED,praying,100,3
F020,E5,RD_360P,mocking_stupidity,75,4.7
F020,E3,HLBC_1,yelling,50,1.4
F020,E8,HLBC_1,cursing,50,2
F020,E10,LFR_15,gratitude,100,5
F020,E7,DS_MED,agreement,100,5
F020,E10,HLBC_2,gratitude,75,1.5
F020,E6,RD_360P,praying,100,4.8
F020,E8,MLBC_2,cursing,75,3.9
F020,E1,LFR_10,waving,100,4.9
F020,E4,HLBC_2,scolding_viewer,50,1.6
F020,E5,LFR_10,mocking_stupidity,75,4.9
F020,E9,HLBC_1,disdain,75,2
F020,E7,HLBC_1,agreement,50,1.7
F020,E3,DS_LIGHT,yelling,50,4.8
F020,E2,RD_360P,praising,100,4.6
F021,E7,SLBC_1,agreement,50,2.3
F021,E4,GQ_MED,scolding_viewer,75,3.6
F021,E5,LFR_15,mocking_stupidity,100,4.8
F021,E6,MLBC_2,begging,75,4.1
F021,E1,GQ_LIGHT,waving,100,4.5
F021,E9,MLBC_2,disdain,75,3.4
F021,E3,MLBC_1,yelling,100,3.5
F021,E10,RD_360P,gratitude,75,2.7
F021,E8,MLBC_2,cursing,50,3.2
F021,E2,HLBC_2,praising,75,3.2
F021,E3,HLBC_1,trying_persuade,75,2.8
F021,E7,MLBC_1,agreement,100,3.8
F021,E10,ORIG,gratitude,100,5
F021,E5,HLBC_2,mocking_stupidity,50,2.1
F021,E8,MLBC_1,cursing,100,4.6
F021,E6,ORIG,begging,100,5
F021,E4,LFR_15,talking,75,4.8
F021,E1,SLBC_1,saying_no,75,1.6
F021,E2,MLBC_1,praising,100,4.8
F021,E9,DS_LIGHT,shy,75,4.5
F021,E6,MLBC_1,praying,50,3.3
F021,E4,HLBC_1,scolding_viewer,100,2.6
F021,E3,GQ_LIGHT,yelling,75,3.4
F021,E8,RD_720P,cursing,75,4.1
F021,E2,GQ_MED,hitchhiking,50,2.1
F021,E7,RD_720P,agreement,75,3.3
F021,E10,LFR_10,gratitude,75,4.8
F021,E5,MLBC_1,mocking_stupidity,100,3.7
F021,E1,GQ_MED,waving,75,2.4
F021,E9,HLBC_1,disdain,50,2.5
F021,E4,RD_360P,talking,25,2
F021,E7,HLBC_1,disapproval,25,2.2
F021,E9,LFR_15,shy,100,4.9
F021,E2,HLBC_1,praising,50,1.8
F021,E3,SLBC_1,giving_speech,50,1.3
F021,E1,MLBC_1,waving,75,2.7
F021,E10,HLBC_2,apologizing,25,1.6
F021,E6,DS_MED,begging,50,4.6
F021,E8,DS_LIGHT,cursing,75,4.9
F021,E5,GQ_MED,mocking_stupidity,75,1.8
F021,E1,RD_360P,waving,75,2.7
F021,E2,DS_LIGHT,praising,100,5
F021,E8,HLBC_1,cursing,75,2.7
F021,E6,HLBC_1,begging,75,1.5
F021,E5,RD_360P,mocking_stupidity,75,3.8
F021,E4,LFR_10,scolding_viewer,75,5
F021,E3,HLBC_2,giving_speech,75,2.1
F021,E7,MLBC_2,agreement,75,3.6
F021,E9,HLBC_2,distracted,50,2.4
F021,E10,MLBC_1,gratitude,75,3.7
F022,E5,MLBC_2,thinking,100,3
F022,E7,MLBC_2,agreement,25,3
F022,E9,RD_360P,disdain,75,1.5
F022,E10,RD_720P,apologizing,75,5
F022,E4,LFR_15,scolding_viewer,100,5
F022,E8,MLBC_2,cursing,75,3
F022,E3,GQ_MED,yelling,100,1
F022,E6,SLBC_1,begging,50,1
F022,E1,HLBC_2,waving,50,1.2
F022,E2,MLBC_1,praising,100,5
F022,E8,DS_LIGHT,cursing,100,5
F022,E2,HLBC_1,praising,100,2
F022,E10,LFR_15,apologizing,75,5
F022,E9,ORIG,disdain,100,5
F022,E5,ORIG,thinking,100,5
F022,E3,LFR_15,yelling,75,5
F022,E4,HLBC_2,scolding_viewer,100,1
F022,E6,MLBC_1,begging,100,4.7
F022,E7,MLBC_1,agreement,75,5
F022,E1,MLBC_1,waving,75,5
F022,E5,MLBC_1,thinking,100,3.5
F022,E1,GQ_MED,waving,75,1.4
F022,E6,RD_720P,begging,75,5
F022,E9,LFR_10,disdain,75,4.5
F022,E7,RD_720P,agreement,75,5
F022,E3,HLBC_1,yelling,75,1.5
F022,E4,MLBC_1,scolding_viewer,100,4.1
F022,E2,GQ_LIGHT,praising,100,2
F022,E8,HLBC_1,cursing,75,2.6
F022,E10,MLBC_2,apologizing,75,3
F022,E4,GQ_MED,scolding_viewer,100,2.5
F022,E2,SLBC_1,praising,100,1
F022,E8,LFR_15,cheering,75,5
F022,E1,HLBC_1,waving,75,2.1
F022,E7,DS_LIGHT,agreement,75,5
F022,E10,RD_360P,apologizing,75,2
F022,E5,DS_MED,thinking,100,5
F022,E9,HLBC_2,disdain,100,1.6
F022,E6,HLBC_1,begging,75,2.4
F022,E3,RD_360P,yelling,75,2.3
F022,E5,HLBC_1,thinking,100,3.5
F022,E7,HLBC_1,agreement,75,2.5
F022,E8,HLBC_2,cheering,50,1.8
F022,E10,GQ_MED,apologizing,75,4
F022,E3,LFR_10,yelling,100,4.7
F022,E2,HLBC_2,praising,100,1.6
F022,E4,RD_360P,scolding_viewer,100,1.7
F022,E6,MLBC_2,begging,75,3.9
F022,E1,DS_LIGHT,waving,100,5
F022,E9,MLBC_1,disdain,100,3.6
F023,E8,MLBC_2,cursing,75,1.5
F023,E6,RD_360P,begging,75,1
F023,E10,HLBC_1,apologizing,50,1
F023,E9,MLBC_2,disdain,50,2
F023,E5,MLBC_2,mocking_stupidity,75,2
F023,E1,LFR_15,waving,100,3
F023,E4,MLBC_2,scolding_viewer,100,2.5
F023,E7,RD_720P,none,50,3
F023,E3,SLBC_1,yelling,100,1
F023,E2,MLBC_2,praising,100,1.5
F023,E4,MLBC_1,scolding_viewer,100,2.5
F023,E7,LFR_15,none,50,3
F023,E1,HLBC_2,waving,25,1
F023,E5,DS_LIGHT,mocking_stupidity,100,4
F023,E8,GQ_LIGHT,cursing,100,2.5
F023,E9,MLBC_1,disdain,50,2
F023,E3,MLBC_1,yelling,75,2.5
F023,E6,ORIG,begging,50,4
F023,E10,GQ_LIGHT,apologizing,75,2.5
F023,E2,ORIG,praising,100,4
F023,E4,RD_720P,scolding_viewer,100,4.5
F023,E10,HLBC_2,apologizing,25,1
F023,E9,HLBC_1,disdain,25,1
F023,E6,LFR_10,begging,50,3
F023,E8,SLBC_1,cursing,75,1
F023,E7,MLBC_2,none,50,2.5
F023,E2,MLBC_1,praising,50,2
F023,E3,RD_720P,yelling,75,3
F023,E5,HLBC_1,mocking_stupidity,25,1
F023,E1,MLBC_1,waving,75,1.5
F023,E7,RD_360P,none,25,1.5
F023,E5,LFR_15,mocking_stupidity,100,5
F023,E4,DS_LIGHT,scolding_viewer,100,5
F023,E1,GQ_MED,waving,50,1
F023,E2,DS_MED,praising,50,3
F023,E9,RD_720P,disdain,75,3
F023,E3,HLBC_1,yelling,50,1
F023,E8,GQ_MED,cursing,50,1
F023,E10,MLBC_1,apologizing,50,1.5
F023,E6,HLBC_2,praying,25,1
F023,E10,DS_LIGHT,apologizing,75,4
F023,E9,RD_360P,disdain,50,1.5
F023,E8,LFR_10,cursing,100,5
F023,E6,MLBC_1,begging,75,2.5
F023,E2,HLBC_1,praising,25,1
F023,E7,GQ_MED,none,50,1
F023,E1,RD_360P,waving,25,1
F023,E3,MLBC_2,yelling,75,1.5
F023,E4,HLBC_1,scolding_viewer,75,1.5
F023,E5,HLBC_2,mocking_stupidity,25,1
F024,E6,MLBC_2,praying,75,1.7
F024,E5,MLBC_2,mocking_stupidity,75,2.2
F024,E4,SLBC_1,scolding_viewer,100,1
F024,E1,GQ_MED,waving,100,1
F024,E7,RD_360P,agreement,75,1.5
F024,E8,RD_720P,cursing,75,3.5
F024,E3,MLBC_2,trying_persuade,75,3
F024,E10,MLBC_2,gratitude,75,2.5
F024,E9,MLBC_2,disdain,75,2.7
F024,E2,LFR_15,praising,75,4
F024,E7,ORIG,agreement,75,3.8
F024,E5,MLBC_1,mocking_stupidity,75,2.3
F024,E2,HLBC_2,praising,100,1
F024,E4,MLBC_1,scolding_viewer,75,2.2
F024,E1,LFR_15,waving,75,3.8
F024,E8,LFR_15,cursing,75,4.2
F024,E3,ORIG,trying_persuade,100,4.7
F024,E9,GQ_LIGHT,disdain,75,2.7
F024,E6,DS_LIGHT,praying,75,4
F024,E10,MLBC_1,gratitude,75,2.7
F024,E4,RD_720P,scolding_viewer,75,2.8
F024,E1,HLBC_1,waving,100,1
F024,E10,HLBC_1,gratitude,100,1.2
F024,E2,MLBC_1,praising,75,2.4
F024,E3,MLBC_1,trying_persuade,75,1.5
F024,E8,MLBC_2,cursing,75,1.7
F024,E9,SLBC_1,disdain,100,1
F024,E5,RD_720P,mocking_stupidity,75,2.8
F024,E6,HLBC_1,praying,100,1
F024,E7,LFR_10,agreement,100,4.8
F024,E1,RD_360P,waving,75,1.5
F024,E7,HLBC_2,agreement,100,1
F024,E9,GQ_MED,disdain,75,1.2
F024,E10,RD_720P,gratitude,75,3.7
F024,E5,DS_LIGHT,mocking_stupidity,75,3.8
F024,E2,GQ_MED,praising,100,1
F024,E6,LFR_15,praying,100,4.7
F024,E4,HLBC_1,scolding_viewer,100,1
F024,E3,DS_MED,trying_persuade,75,3.7
F024,E8,RD_360P,cursing,75,2.5
F024,E7,MLBC_1,agreement,75,1.7
F024,E3,HLBC_1,trying_persuade,100,1
F024,E1,LFR_10,waving,75,3.6
F024,E10,RD_360P,gratitude,75,1.5
F024,E2,RD_360P,praising,75,1.4
F024,E5,HLBC_1,mocking_stupidity,100,1
F024,E8,GQ_MED,cursing,100,1
F024,E4,MLBC_2,scolding_viewer,100,1.1
F024,E9,LFR_10,disdain,100,4.2
F024,E6,HLBC_2,praying,100,1
F025,E8,MLBC_2,none,75,3.5
F025,E6,RD_360P,begging,75,3
F025,E10,HLBC_1,apologizing,75,3
F025,E9,MLBC_2,disdain,75,3
F025,E5,MLBC_2,thinking,75,4
F025,E1,LFR_15,waving,75,4
F025,E4,MLBC_2,scolding_viewer,75,3
F025,E7,RD_720P,agreement,75,4
F025,E3,SLBC_1,yelling,50,2
F025,E2,MLBC_2,praising,75,3.5
F025,E4,MLBC_1,scolding_viewer,75,3.2
F025,E7,LFR_15,agreement,75,4.5
F025,E1,HLBC_2,waving,50,2
F025,E5,DS_LIGHT,thinking,75,4.5
F025,E8,GQ_LIGHT,cursing,75,3.5
F025,E9,MLBC_1,disdain,75,3
F025,E3,MLBC_1,yelling,75,3.2
F025,E6,ORIG,begging,75,4
F025,E10,GQ_LIGHT,gratitude,75,3.2
F025,E2,ORIG,praising,75,4
F025,E4,RD_720P,scolding_viewer,75,3.5
F025,E10,HLBC_2,apologizing,75,2
F025,E9,HLBC_1,disdain,75,2.4
F025,E6,LFR_10,praying,75,4
F025,E8,SLBC_1,cursing,50,1.7
F025,E7,MLBC_2,agreement,75,3.5
F025,E2,MLBC_1,praising,75,3.5
F025,E3,RD_720P,yelling,75,3.5
F025,E5,HLBC_1,thinking,75,2.3
F025,E1,MLBC_1,waving,75,3
F025,E7,RD_360P,disapproval,75,2.5
F025,E5,LFR_15,thinking,75,4.2
F025,E4,DS_LIGHT,scolding_viewer,50,4.1
F025,E1,GQ_MED,waving,75,2.2
F025,E2,DS_MED,praising,75,4
F025,E9,RD_720P,disdain,75,3.8
F025,E3,HLBC_1,yelling,75,1.6
F025,E8,GQ_MED,cursing,50,1.6
F025,E10,MLBC_1,gratitude,75,2.5
F025,E6,HLBC_2,begging,50,2
F025,E10,DS_LIGHT,gratitude,75,4
F025,E9,RD_360P,disdain,75,2.3
F025,E8,LFR_10,cursing,75,4.3
F025,E6,MLBC_1,praying,75,3.5
F025,E2,HLBC_1,praising,75,1.8
F025,E7,GQ_MED,disapproval,50,2.3
F025,E1,RD_360P,waving,75,1.4
F025,E3,MLBC_2,yelling,75,2.5
F025,E4,HLBC_1,scolding_viewer,50,2
F025,E5,HLBC_2,thinking,75,1.4
F026,E8,HLBC_2,cursing,75,2.3
F026,E6,GQ_LIGHT,praying,50,4.1
F026,E10,MLBC_2,gratitude,75,3.5
F026,E9,LFR_10,disdain,25,4.1
F026,E5,HLBC_1,mocking_stupidity,50,1.9
F026,E1,LFR_15,waving,75,3.8
F026,E4,LFR_10,scolding_viewer,75,4.8
F026,E7,MLBC_1,agreement,50,3.9
F026,E3,RD_360P,trying_persuade,75,2.2
F026,E2,LFR_10,praising,75,2.5
F026,E4,RD_720P,scolding_viewer,75,3.5
F026,E7,ORIG,agreement,50,3.5
F026,E1,LFR_10,waving,100,1.8
F026,E5,LFR_15,mocking_stupidity,75,3.6
F026,E8,SLBC_1,cursing,50,2.1
F026,E9,LFR_15,disdain,75,3.6
F026,E3,GQ_LIGHT,trying_persuade,75,2.7
F026,E6,HLBC_2,praying,75,2.1
F026,E10,DS_MED,gratitude,100,4.7
F026,E2,GQ_LIGHT,praising,100,3.1
F026,E4,GQ_MED,scolding_viewer,75,2.3
F026,E10,GQ_MED,gratitude,100,1.7
F026,E9,RD_360P,disdain,50,2.5
F026,E6,SLBC_1,praying,100,1
F026,E8,LFR_10,cursing,75,1.9
F026,E7,LFR_15,agreement,75,3.4
F026,E2,HLBC_2,praising,75,1.1
F026,E3,DS_MED,trying_persuade,75,2.2
F026,E5,DS_MED,mocking_stupidity,75,3.3
F026,E1,HLBC_2,waving,75,1.7
F026,E7,DS_MED,agreement,100,3.7
F026,E5,RD_720P,mocking_stupidity,100,3.2
F026,E4,GQ_LIGHT,scolding_viewer,75,2.4
F026,E1,GQ_LIGHT,waving,75,1.4
F026,E2,DS_MED,praising,25,2.2
F026,E9,SLBC_1,disdain,50,1
F026,E3,HLBC_2,trying_persuade,75,1.3
F026,E8,ORIG,cursing,75,4.9
F026,E10,MLBC_1,gratitude,75,2
F026,E6,LFR_10,begging,25,4.6
F026,E10,HLBC_2,gratitude,75,1.2
F026,E9,RD_720P,disdain,25,4.8
F026,E8,LFR_15,cursing,75,3.2
F026,E6,DS_MED,begging,75,3.1
F026,E2,LFR_15,praising,100,1.8
F026,E7,HLBC_1,disapproval,75,2.2
F026,E1,SLBC_1,waving,,1.9
F026,E3,GQ_MED,trying_persuade,75,2.2
F026,E4,ORIG,scolding_viewer,75,4.9
F026,E5,GQ_MED,mocking_stupidity,75,1.1
F027,E10,RD_360P,gratitude,75,3.2
F027,E3,MLBC_2,yelling,100,3.7
F027,E1,SLBC_1,saying_no,50,1.2
F027,E6,MLBC_2,begging,50,3.3
F027,E5,RD_720P,mocking_stupidity,75,4.2
F027,E7,MLBC_2,agreement,75,4
F027,E8,HLBC_1,cursing,100,2
F027,E9,ORIG,disdain,100,4.5
F027,E4,RD_360P,scolding_viewer,100,2.3
F027,E2,MLBC_2,praising,75,3.2
F027,E5,LFR_15,mocking_stupidity,75,4.1
F027,E8,GQ_LIGHT,cursing,100,4.8
F027,E6,GQ_LIGHT,begging,50,4.3
F027,E7,MLBC_1,disapproval,75,4.8
F027,E4,ORIG,scolding_viewer,100,4.9
F027,E2,MLBC_1,praising,100,4.1
F027,E9,LFR_15,disdain,100,4.9
F027,E10,GQ_LIGHT,gratitude,75,4.4
F027,E1,MLBC_1,waving,75,4.5
F027,E3,DS_LIGHT,yelling,75,4.1
F027,E1,RD_720P,waving,100,4.9
F027,E10,ORIG,gratitude,100,5
F027,E2,RD_720P,praising,100,4.9
F027,E7,HLBC_1,disapproval,50,2
F027,E4,LFR_10,scolding_viewer,100,2.8
F027,E5,MLBC_2,mocking_stupidity,100,3.7
F027,E8,HLBC_2,cursing,100,1.6
F027,E9,LFR_10,disdain,100,3.3
F027,E3,HLBC_1,none,50,1.1
F027,E6,SLBC_1,praying,50,1
F027,E8,MLBC_1,cursing,100,3.5
F027,E6,GQ_MED,praying,75,1.8
F027,E9,DS_LIGHT,disdain,75,4.4
F027,E1,HLBC_1,waving,100,1.2
F027,E2,DS_LIGHT,praising,100,4.2
F027,E5,RD_360P,mocking_stupidity,50,3
F027,E4,HLBC_2,scolding_viewer,100,1.3
F027,E3,LFR_15,giving_speech,50,4.6
F027,E7,RD_720P,agreement,25,4.8
F027,E10,LFR_15,gratitude,75,3.9
F027,E3,HLBC_2,yelling,75,1.1
F027,E8,DS_LIGHT,cursing,75,3.6
F027,E6,LFR_10,praying,75,4.7
F027,E4,MLBC_1,scolding_viewer,100,3.9
F027,E5,GQ_MED,mocking_stupidity,50,1.5
F027,E1,MLBC_2,waving,75,2.5
F027,E7,RD_360P,disapproval,50,2.8
F027,E9,GQ_LIGHT,disdain,100,4.2
F027,E10,LFR_10,gratitude,75,4
F027,E2,HLBC_1,praising,100,1.4
F028,E6,ORIG,praying,75,4.5
F028,E10,LFR_10,gratitude,100,3
F028,E1,RD_360P,waving,100,3
F028,E3,MLBC_2,yelling,50,2.5
F028,E4,MLBC_2,scolding_viewer,100,2.5
F028,E8,HLBC_1,cursing,50,1.5
F028,E5,HLBC_1,mocking_stupidity,100,2.5
F028,E9,RD_720P,disdain,100,5
F028,E7,RD_360P,agreement,50,4
F028,E2,RD_720P,praising,100,5
F028,E9,GQ_LIGHT,disdain,100,3.5
F028,E1,ORIG,waving,100,5
F028,E4,MLBC_1,scolding_viewer,100,2.5
F028,E8,SLBC_1,cursing,25,1
F028,E6,LFR_15,praying,50,3.5
F028,E7,GQ_LIGHT,agreement,50,3
F028,E2,LFR_15,praising,100,3
F028,E10,MLBC_1,gratitude,100,2.5
F028,E3,GQ_LIGHT,trying_persuade,50,3.5
F028,E5,GQ_LIGHT,mocking_stupidity,100,3
F028,E2,MLBC_2,praising,100,2
F028,E6,LFR_10,praying,50,3.5
F028,E3,SLBC_1,giving_speech,50,1
F028,E4,HLBC_1,scolding_viewer,50,2
F028,E8,MLBC_1,cursing,50,3
F028,E9,LFR_15,disdain,100,3.5
F028,E10,RD_720P,gratitude,100,4
F028,E7,ORIG,agreement,100,4.5
F028,E1,LFR_10,waving,100,3
F028,E5,HLBC_2,mocking_stupidity,100,2
F028,E6,DS_LIGHT,praying,50,3
F028,E9,MLBC_1,disdain,50,2.5
F028,E5,MLBC_1,mocking_stupidity,100,3
F028,E1,HLBC_2,waving,100,1.5
F028,E8,GQ_HEAVY,cheering,50,2
F028,E7,LFR_15,agreement,100,3
F028,E3,GQ_MED,giving_speech,25,3
F028,E2,RD_360P,praising,100,3.5
F028,E10,GQ_MED,gratitude,50,3
F028,E4,RD_720P,scolding_viewer,100,5
F028,E2,GQ_MED,praising,100,2.5
F028,E1,MLBC_1,waving,100,3
F028,E6,GQ_LIGHT,praying,50,3.5
F028,E3,LFR_10,trying_persuade,25,3
F028,E4,RD_360P,scolding_viewer,75,3.5
F028,E10,GQ_LIGHT,gratitude,75,3
F028,E9,SLBC_1,disdain,100,1
F028,E7,LFR_10,agreement,75,3
F028,E5,DS_LIGHT,mocking_stupidity,100,5
F028,E8,HLBC_2,cheering,50,3
F029,E9,GQ_LIGHT,disdain,75,3
F029,E6,LFR_10,praying,50,3.4
F029,E8,MLBC_2,none,50,3.2
F029,E3,GQ_LIGHT,trying_persuade,75,3.6
F029,E10,DS_MED,gratitude,100,4
F029,E1,LFR_10,waving,100,3.7
F029,E4,MLBC_1,scolding_viewer,50,3.2
F029,E7,MLBC_2,none,50,2.8
F029,E5,HLBC_2,mocking_stupidity,50,1.4
F029,E2,HLBC_1,praising,75,1.6
F029,E8,SLBC_1,cursing,75,1.5
F029,E2,LFR_15,praising,100,3.6
F029,E5,SLBC_1,mocking_stupidity,50,1.1
F029,E7,DS_MED,agreement,25,4
F029,E1,RD_720P,waving,100,3.8
F029,E10,LFR_10,gratitude,100,3.7
F029,E9,DS_MED,disdain,100,3.5
F029,E6,LFR_15,begging,50,4.1
F029,E4,ORIG,scolding_viewer,50,3.7
F029,E3,HLBC_2,giving_speech,50,1.6
F029,E8,HLBC_1,cheering,50,2
F029,E6,RD_360P,begging,50,2.1
F029,E10,GQ_HEAVY,gratitude,75,1.5
F029,E5,LFR_10,thinking,75,4.3
F029,E7,GQ_MED,agreement,50,2.7
F029,E3,SLBC_1,yelling,75,1.4
F029,E1,GQ_MED,waving,100,2.6
F029,E4,LFR_15,talking,50,4.4
F029,E2,DS_MED,none,50,3.2
F029,E9,GQ_MED,distracted,75,2.6
F029,E4,DS_MED,talking,75,3.6
F029,E2,RD_720P,praising,100,3.8
F029,E8,MLBC_1,cheering,75,3.4
F029,E3,LFR_10,giving_speech,75,4
F029,E6,SLBC_1,praying,75,1.1
F029,E7,MLBC_1,agreement,50,1.8
F029,E10,GQ_MED,gratitude,100,2.3
F029,E1,GQ_LIGHT,waving,100,2.9
F029,E5,ORIG,thinking,100,3.7
F029,E9,LFR_10,disdain,100,3.6
F029,E6,RD_720P,praying,50,3.4
F029,E4,HLBC_1,scolding_viewer,75,1.8
F029,E7,HLBC_2,agreement,75,1.5
F029,E2,GQ_MED,praising,100,2.2
F029,E1,ORIG,waving,100,3.5
F029,E5,LFR_15,thinking,50,3.6
F029,E3,DS_MED,giving_speech,75,3.3
F029,E9,LFR_15,disdain,100,3.7
F029,E8,DS_MED,cheering,75,3.8
F029,E10,ORIG,gratitude,100,4
F030,E6,ORIG,begging,75,4.1
F030,E10,LFR_10,gratitude,75,3.8
F030,E1,RD_360P,waving,50,2.5
F030,E3,MLBC_2,yelling,50,2.6
F030,E4,MLBC_2,scolding_viewer,75,2.6
F030,E8,HLBC_1,cheering,50,2.2
F030,E5,HLBC_1,mocking_stupidity,75,2.1
F030,E9,RD_720P,disdain,75,3.7
F030,E7,RD_360P,agreement,75,3.2
F030,E2,RD_720P,praising,100,4.6
F030,E9,GQ_LIGHT,disdain,75,2.5
F030,E1,ORIG,waving,50,4.3
F030,E4,MLBC_1,scolding_viewer,75,2.4
F030,E8,SLBC_1,cursing,75,1.6
F030,E6,LFR_15,praying,25,4.1
F030,E7,GQ_LIGHT,agreement,75,3
F030,E2,LFR_15,praising,100,4.3
F030,E10,MLBC_1,gratitude,75,2.5
F030,E3,GQ_LIGHT,giving_speech,50,2.5
F030,E5,GQ_LIGHT,thinking,50,2.6
F030,E2,MLBC_2,praising,100,2
F030,E6,LFR_10,begging,50,4
F030,E3,SLBC_1,giving_speech,50,1.3
F030,E4,HLBC_1,scolding_viewer,75,2
F030,E8,MLBC_1,cursing,50,2.2
F030,E9,LFR_15,disdain,100,4
F030,E10,RD_720P,gratitude,75,4
F030,E7,ORIG,agreement,75,4
F030,E1,LFR_10,waving,75,3
F030,E5,HLBC_2,mocking_stupidity,75,1.3
F030,E6,DS_LIGHT,begging,75,4
F030,E9,MLBC_1,disdain,75,2.6
F030,E5,MLBC_1,thinking,75,2.9
F030,E1,HLBC_2,saying_no,50,1.3
F030,E8,GQ_HEAVY,cursing,100,1.2
F030,E7,LFR_15,agreement,75,4
F030,E3,GQ_MED,giving_speech,50,2.5
F030,E2,RD_360P,praising,100,1.6
F030,E10,GQ_MED,gratitude,75,2.2
F030,E4,RD_720P,talking,75,4.5
F030,E2,GQ_MED,praising,100,2.1
F030,E1,MLBC_1,waving,75,3.1
F030,E6,GQ_LIGHT,begging,75,2.7
F030,E3,LFR_10,yelling,75,3.8
F030,E4,RD_360P,scolding_viewer,75,2.5
F030,E10,GQ_LIGHT,gratitude,75,1.9
F030,E9,SLBC_1,disdain,75,1.2
F030,E7,LFR_10,agreement,75,4.3
F030,E5,DS_LIGHT,thinking,75,4.3
F030,E8,HLBC_2,cursing,75,2
F031,E1,ORIG,waving,100,5
F031,E6,HLBC_2,begging,75,2.1
F031,E3,DS_LIGHT,yelling,75,4.9
F031,E9,SLBC_1,none,50,1.3
F031,E10,ORIG,gratitude,75,4.6
F031,E4,ORIG,scolding_viewer,75,4.9
F031,E7,ORIG,none,75,4.8
F031,E5,HLBC_1,none,75,2.6
F031,E8,MLBC_2,none,100,3.8
F031,E2,RD_360P,praising,75,3
F031,E10,LFR_15,gratitude,100,4.8
F031,E9,RD_360P,disdain,50,2.1
F031,E5,RD_720P,none,50,4.1
F031,E3,DS_MED,yelling,75,4.2
F031,E7,RD_360P,none,75,2.1
F031,E1,DS_LIGHT,waving,100,5
F031,E8,HLBC_1,none,75,3
F031,E4,DS_MED,none,75,4.3
F031,E2,DS_LIGHT,praising,75,4.6
F031,E6,RD_720P,begging,100,4.1
F031,E3,GQ_MED,yelling,100,3
F031,E6,GQ_MED,begging,100,2.6
F031,E1,MLBC_1,waving,100,3.4
F031,E4,MLBC_2,scolding_viewer,100,3
F031,E5,RD_360P,none,75,3
F031,E9,GQ_HEAVY,distracted,75,1.2
F031,E8,HLBC_2,none,75,2.1
F031,E2,RD_720P,praising,100,4.9
F031,E7,MLBC_2,none,75,4.3
F031,E10,HLBC_1,apologizing,100,2.9
F031,E9,LFR_15,distracted,75,4.2
F031,E2,HLBC_2,praising,75,1.1
F031,E3,GQ_LIGHT,yelling,75,4.6
F031,E5,SLBC_1,none,75,1.1
F031,E10,MLBC_1,apologizing,75,3.6
F031,E6,DS_LIGHT,praying,75,4.7
F031,E8,RD_360P,none,75,3.7
F031,E4,GQ_MED,scolding_viewer,75,1.9
F031,E7,RD_720P,none,75,4.8
F031,E1,HLBC_1,waving,100,1.1
F031,E7,DS_LIGHT,none,75,4.8
F031,E10,DS_LIGHT,apologizing,75,4.9
F031,E8,DS_LIGHT,none,50,4.6
F031,E9,DS_LIGHT,distracted,75,4.6
F031,E3,GQ_HEAVY,yelling,75,1.1
F031,E4,GQ_HEAVY,scolding_viewer,75,1.1
F031,E1,GQ_HEAVY,waving,100,1.1
F031,E6,GQ_HEAVY,praying,75,1.1
F031,E2,GQ_HEAVY,praising,75,2.2
F031,E5,GQ_HEAVY,none,50,1.9
F032,E1,MLBC_2,waving,75,3.7
F032,E6,HLBC_1,praying,50,1
F032,E3,HLBC_1,trying_persuade,75,2.1
F032,E9,RD_360P,disdain,100,2.6
F032,E10,GQ_MED,gratitude,75,2.8
F032,E4,ORIG,scolding_viewer,100,5
F032,E7,RD_720P,none,50,3.6
F032,E5,RD_360P,mocking_stupidity,50,1
F032,E8,LFR_10,cursing,75,4.5
F032,E2,MLBC_2,praising,100,2.5
F032,E10,MLBC_1,gratitude,100,3.2
F032,E9,GQ_LIGHT,disdain,75,3.2
F032,E5,GQ_LIGHT,none,50,1.3
F032,E3,GQ_LIGHT,yelling,100,3.8
F032,E7,GQ_LIGHT,none,50,3.6
F032,E1,GQ_LIGHT,waving,100,2.5
F032,E8,MLBC_1,cursing,75,2.6
F032,E4,LFR_15,scolding_viewer,75,3.8
F032,E2,MLBC_1,praising,100,3.2
F032,E6,SLBC_1,praying,100,1
F032,E3,HLBC_2,yelling,75,1
F032,E6,MLBC_1,praying,100,3.6
F032,E1,SLBC_1,waving,100,1
F032,E4,LFR_10,scolding_viewer,100,5
F032,E5,ORIG,none,50,5
F032,E9,MLBC_2,disdain,100,1.9
F032,E8,RD_720P,cursing,100,2.5
F032,E2,HLBC_1,praising,75,1
F032,E7,LFR_15,none,50,3.5
F032,E10,DS_MED,gratitude,100,4.8
F032,E9,RD_720P,disdain,100,2.1
F032,E2,RD_720P,praising,100,2.7
F032,E3,MLBC_1,yelling,100,2.8
F032,E5,LFR_15,none,50,4.9
F032,E10,GQ_LIGHT,gratitude,75,2.4
F032,E6,GQ_HEAVY,praying,100,1
F032,E8,GQ_MED,none,50,1.4
F032,E4,DS_LIGHT,scolding_viewer,75,4.3
F032,E7,MLBC_1,agreement,75,3.4
F032,E1,GQ_MED,waving,100,1
F032,E7,SLBC_1,none,50,1
F032,E10,RD_720P,gratitude,75,5
F032,E8,GQ_LIGHT,none,50,1.4
F032,E9,LFR_10,disdain,100,5
F032,E3,DS_LIGHT,trying_persuade,75,5
F032,E4,GQ_LIGHT,scolding_viewer,75,1.8
F032,E1,LFR_10,waving,100,4.9
F032,E6,HLBC_2,praying,75,1
F032,E2,RD_360P,praising,100,3
F032,E5,LFR_10,none,50,4.8
F033,E5,ORIG,mocking_stupidity,75,4.5
F033,E8,ORIG,cheering,50,4
F033,E4,HLBC_2,scolding_viewer,75,1.8
F033,E9,RD_360P,disdain,100,2
F033,E3,HLBC_1,giving_speech,50,1.7
F033,E7,SLBC_1,disapproval,50,1.1
F033,E6,MLBC_2,praying,25,3.5
F033,E1,DS_LIGHT,waving,100,5
F033,E10,HLBC_2,gratitude,25,1
F033,E2,ORIG,praising,100,5
F033,E3,RD_720P,yelling,100,5
F033,E5,RD_360P,mocking_stupidity,100,1
F033,E10,LFR_10,gratitude,100,4.6
F033,E4,RD_720P,scolding_viewer,75,2.5
F033,E6,HLBC_1,begging,50,2.2
F033,E1,DS_MED,waving,100,4.4
F033,E8,LFR_15,cheering,75,4.2
F033,E9,HLBC_1,disdain,75,1.5
F033,E2,DS_MED,praising,100,5
F033,E7,RD_360P,agreement,100,1
F033,E10,SLBC_1,apologizing,50,1
F033,E9,LFR_15,disdain,100,5
F033,E1,GQ_MED,waving,100,2
F033,E4,GQ_MED,scolding_viewer,75,2.1
F033,E2,MLBC_2,praising,100,1.4
F033,E6,HLBC_2,praying,75,1.3
F033,E3,RD_360P,yelling,100,1.2
F033,E8,HLBC_1,cheering,75,2.3
F033,E5,MLBC_2,mocking_stupidity,100,2.4
F033,E7,GQ_HEAVY,agreement,75,1
F033,E8,MLBC_1,cheering,100,3.6
F033,E2,GQ_MED,praising,100,2.5
F033,E3,SLBC_1,yelling,100,1
F033,E10,HLBC_1,apologizing,100,2.4
F033,E7,LFR_15,agreement,100,4.5
F033,E1,GQ_LIGHT,waving,100,4.7
F033,E9,MLBC_2,disdain,100,2.6
F033,E6,RD_360P,begging,50,1.1
F033,E4,DS_LIGHT,scolding_viewer,100,5
F033,E5,RD_720P,mocking_stupidity,100,4.3
F033,E3,GQ_HEAVY,yelling,100,1
F033,E5,DS_LIGHT,mocking_stupidity,100,5
F033,E7,DS_LIGHT,agreement,100,4.5
F033,E1,GQ_HEAVY,waving,100,1
F033,E6,DS_LIGHT,praying,100,5
F033,E10,DS_LIGHT,gratitude,100,4.6
F033,E9,DS_LIGHT,disdain,100,4.7
F033,E4,GQ_HEAVY,scolding_viewer,100,1
F033,E8,DS_LIGHT,cheering,75,4.2
F033,E2,GQ_HEAVY,praising,75,1
F034,E1,HLBC_1,waving,100,2.8
F034,E5,SLBC_1,mocking_stupidity,75,1.3
F034,E7,RD_360P,none,25,2.7
F034,E4,MLBC_2,directions,75,4.3
F034,E10,RD_360P,gratitude,100,3.6
F034,E9,HLBC_1,disdain,75,2.8
F034,E6,ORIG,praying,100,5
F034,E8,HLBC_2,cursing,75,2.6
F034,E3,ORIG,yelling,75,5
F034,E2,HLBC_2,praising,100,1.3
F034,E1,RD_720P,waving,100,5
F034,E6,LFR_15,praying,75,5
F034,E3,RD_360P,yelling,75,2.9
F034,E7,HLBC_1,none,25,2.5
F034,E4,HLBC_1,scolding_viewer,75,2.3
F034,E5,RD_360P,mocking_stupidity,100,1.9
F034,E9,LFR_10,disdain,75,5
F034,E2,RD_720P,praising,100,5
F034,E10,MLBC_1,gratitude,100,5
F034,E8,LFR_10,cursing,75,5
F034,E10,LFR_10,gratitude,100,5
F034,E7,LFR_15,none,50,5
F034,E6,HLBC_1,begging,75,2.2
F034,E8,SLBC_1,cursing,75,1.5
F034,E2,GQ_MED,praising,75,4.4
F034,E5,GQ_HEAVY,mocking_stupidity,100,1
F034,E4,HLBC_2,scolding_viewer,75,1
F034,E1,RD_360P,waving,100,1.7
F034,E9,ORIG,disdain,100,5
F034,E3,MLBC_2,yelling,75,4.6
F034,E10,GQ_LIGHT,gratitude,100,4.9
F034,E3,RD_720P,yelling,100,5
F034,E4,RD_360P,scolding_viewer,75,2.3
F034,E5,LFR_15,mocking_stupidity,100,5
F034,E7,MLBC_2,none,25,4.6
F035,E9,RD_360P,disdain,100,3.5
F034,E2,DS_LIGHT,praising,100,4.3
F034,E6,MLBC_1,begging,75,2.3
F034,E8,HLBC_1,cursing,75,4.2
F034,E9,HLBC_2,disdain,75,1
F035,E4,SLBC_1,scolding_viewer,100,4.3
F034,E1,SLBC_1,waving,75,1
F034,E10,DS_LIGHT,gratitude,100,5
F035,E10,SLBC_1,gratitude,100,4
F034,E3,DS_LIGHT,yelling,75,4.9
F034,E7,DS_LIGHT,none,25,4.9
F034,E5,DS_LIGHT,mocking_stupidity,100,4.8
F035,E8,HLBC_1,cheering,75,4.1
F034,E1,GQ_HEAVY,waving,100,1
F034,E6,DS_LIGHT,begging,50,4.9
F035,E5,ORIG,thinking,100,4.1
F034,E8,DS_LIGHT,cursing,75,4.8
F034,E2,GQ_HEAVY,praising,75,1
F034,E4,DS_LIGHT,scolding_viewer,75,5
F034,E9,DS_LIGHT,disdain,75,4.8
F035,E6,RD_360P,begging,75,3.9
F035,E7,HLBC_2,none,50,3.9
F035,E1,HLBC_2,none,50,3.9
F035,E3,MLBC_2,trying_persuade,75,4.1
F035,E2,ORIG,praising,75,4
F035,E3,HLBC_1,none,50,4
F035,E6,HLBC_1,praying,75,4.2
F035,E2,RD_360P,praising,75,3.8
F035,E4,RD_360P,scolding_viewer,75,4.1
F035,E7,LFR_10,none,50,4.2
F035,E8,LFR_10,cheering,100,4.3
F035,E10,MLBC_1,gratitude,100,4.2
F035,E1,RD_720P,waving,75,4.1
F035,E5,LFR_15,mocking_stupidity,50,4
F035,E9,MLBC_1,disdain,75,4.2
F035,E8,ORIG,cheering,75,4.2
F035,E9,LFR_10,disdain,75,4.3
F035,E4,GQ_HEAVY,scolding_viewer,50,2
F035,E1,GQ_MED,waving,75,3.1
F035,E7,SLBC_1,none,50,1.6
F035,E3,HLBC_2,yelling,50,1.6
F035,E10,DS_MED,gratitude,75,5
F035,E5,HLBC_1,mocking_stupidity,75,3.3
F035,E2,MLBC_2,praising,75,3.2
F035,E6,LFR_15,praying,75,5
F035,E2,RD_720P,praising,75,4.3
F035,E4,LFR_15,scolding_viewer,75,5
F035,E9,GQ_LIGHT,disdain,75,4.3
F035,E10,GQ_MED,apologizing,75,3.3
F035,E1,DS_LIGHT,waving,75,5
F035,E6,MLBC_2,praying,75,3.3
F035,E3,RD_360P,yelling,75,2.7
F035,E5,MLBC_1,mocking_stupidity,75,5
F035,E7,HLBC_1,none,75,3.9
F035,E8,HLBC_2,cheering,75,1.9
F035,E4,DS_LIGHT,scolding_viewer,75,5
F035,E9,DS_LIGHT,disdain,75,5
F035,E10,DS_LIGHT,apologizing,100,5
F035,E6,DS_LIGHT,praying,75,3.2
F035,E1,GQ_HEAVY,waving,75,2.1
F035,E7,DS_LIGHT,disapproval,50,5
F035,E5,DS_LIGHT,mocking_stupidity,75,5
F035,E2,DS_LIGHT,praising,75,3.9
F035,E3,DS_LIGHT,yelling,75,5
F035,E8,DS_LIGHT,cheering,75,5
F036,E1,GQ_LIGHT,waving,100,4.5
F036,E5,ORIG,thinking,100,4.8
F036,E7,MLBC_1,none,50,4
F036,E4,SLBC_1,none,50,1
F037,E10,RD_360P,gratitude,100,2
F036,E10,LFR_10,gratitude,100,4.8
F037,E7,RD_360P,agreement,75,2
F037,E6,HLBC_1,begging,75,2
F037,E4,RD_360P,scolding_viewer,75,2.3
F036,E9,ORIG,disdain,75,4.5
F036,E6,ORIG,praying,50,4.5
F036,E8,ORIG,none,75,4.5
F036,E3,HLBC_1,trying_persuade,50,1
F036,E2,DS_MED,none,75,2.5
F036,E1,DS_MED,waving,50,2.8
F037,E8,SLBC_1,cursing,75,1.5
F036,E6,GQ_HEAVY,begging,75,1.5
F036,E3,DS_MED,trying_persuade,75,4.5
F036,E7,RD_720P,agreement,50,3.5
F036,E4,DS_MED,scolding_viewer,50,4
F036,E5,HLBC_2,thinking,75,2
F036,E9,LFR_15,none,50,4.5
F036,E2,LFR_10,praising,100,5
F036,E10,RD_360P,gratitude,100,2.4
F036,E8,DS_MED,cursing,50,4.1
F036,E10,RD_720P,gratitude,100,4
F036,E7,RD_360P,none,50,2
F036,E6,DS_MED,begging,100,5
F036,E8,RD_720P,none,50,3.5
F036,E2,GQ_HEAVY,praising,100,1.5
F036,E5,GQ_HEAVY,thinking,75,1.5
F036,E4,GQ_MED,none,75,2.3
F036,E1,GQ_MED,waving,100,4
F036,E9,LFR_10,none,75,4.5
F036,E3,MLBC_2,yelling,75,3.3
F036,E10,MLBC_1,gratitude,100,4.5
F036,E3,ORIG,giving_speech,75,4
F036,E4,GQ_HEAVY,scolding_viewer,75,1.4
F036,E5,SLBC_1,thinking,100,1.3
F036,E7,GQ_HEAVY,none,75,1.5
F036,E2,GQ_MED,praising,75,4
F036,E6,RD_720P,praying,75,4.6
F036,E8,GQ_MED,none,100,1.9
F036,E9,MLBC_2,disdain,50,2.5
F036,E1,LFR_10,waving,100,5
F036,E10,DS_MED,gratitude,100,5
F036,E3,HLBC_2,trying_persuade,75,1.6
F036,E7,MLBC_2,none,75,1.1
F036,E5,LFR_10,thinking,100,5
F036,E1,LFR_15,waving,100,5
F036,E6,RD_360P,begging,100,2
F036,E8,SLBC_1,none,75,1.1
F036,E2,ORIG,praising,100,5
F036,E4,HLBC_2,talking,25,2.1
F036,E9,GQ_LIGHT,none,100,4.8
F037,E9,HLBC_1,disdain,75,2.4
F037,E1,MLBC_2,waving,100,3.9
F037,E3,ORIG,yelling,100,5
F037,E5,HLBC_2,mocking_stupidity,75,2.2
F037,E2,SLBC_1,praising,75,1.6
F037,E5,LFR_10,mocking_stupidity,75,5
F037,E6,LFR_10,praying,100,5
F037,E7,MLBC_1,agreement,100,3.1
F037,E9,MLBC_2,disdain,75,4.1
F037,E2,RD_360P,praising,75,2.3
F037,E8,MLBC_1,cursing,100,5
F037,E10,MLBC_2,gratitude,100,3.6
F037,E3,LFR_15,yelling,100,5
F037,E4,HLBC_1,scolding_viewer,75,1.8
F037,E1,HLBC_1,waving,75,1.9
F037,E4,LFR_15,scolding_viewer,100,5
F037,E9,ORIG,disdain,100,5
F037,E7,LFR_10,agreement,100,5
F037,E6,ORIG,praying,100,5
F037,E3,HLBC_1,yelling,75,1.8
F037,E5,SLBC_1,mocking_stupidity,50,2
F037,E10,LFR_10,gratitude,100,4.4
F037,E8,DS_MED,cursing,100,5
F037,E1,HLBC_2,waving,100,1.7
F037,E2,GQ_HEAVY,praising,100,1
F037,E9,GQ_HEAVY,disdain,100,1
F037,E1,RD_360P,waving,100,1.5
F037,E10,SLBC_1,gratitude,100,1
F037,E2,LFR_15,praising,100,4.9
F037,E6,HLBC_2,praying,100,1.7
F037,E8,GQ_MED,cursing,100,2.1
F037,E5,HLBC_1,mocking_stupidity,100,2.1
F037,E7,GQ_LIGHT,agreement,100,4.6
F037,E4,MLBC_2,scolding_viewer,100,3.6
F037,E3,MLBC_1,yelling,100,4.6
F037,E6,DS_LIGHT,praying,100,5
F037,E2,DS_LIGHT,praising,100,5
F037,E10,DS_LIGHT,gratitude,100,4.8
F037,E3,DS_LIGHT,yelling,100,5
F037,E4,DS_LIGHT,scolding_viewer,100,5
F037,E9,DS_LIGHT,disdain,100,5
F037,E7,DS_LIGHT,agreement,100,5
F037,E8,DS_LIGHT,cursing,100,5
F037,E1,DS_LIGHT,waving,100,4.9
F037,E5,DS_LIGHT,mocking_stupidity,100,5
F038,E10,RD_360P,gratitude,100,2.5
F038,E7,RD_360P,agreement,75,2.5
F038,E6,HLBC_1,begging,100,1
F038,E4,RD_360P,scolding_viewer,100,1
F038,E8,SLBC_1,cursing,100,1
F038,E9,HLBC_1,disdain,75,2
F038,E1,MLBC_2,waving,100,4.5
F038,E3,ORIG,trying_persuade,50,5
F038,E5,HLBC_2,thinking,75,1
F038,E2,SLBC_1,praising,100,1
F038,E5,LFR_10,thinking,75,5
F038,E6,LFR_10,begging,100,5
F038,E7,MLBC_1,agreement,75,3
F038,E9,MLBC_2,disdain,75,3
F038,E2,RD_360P,praising,100,4.5
F038,E8,MLBC_1,cheering,100,3
F038,E10,MLBC_2,gratitude,100,3
F038,E3,LFR_15,trying_persuade,75,5
F038,E4,HLBC_1,scolding_viewer,50,1
F038,E1,HLBC_1,waving,100,1
F038,E4,LFR_15,scolding_viewer,75,5
F038,E9,ORIG,disdain,75,5
F038,E7,LFR_10,agreement,100,3
F038,E6,ORIG,begging,100,5
F038,E3,HLBC_1,trying_persuade,75,1
F038,E5,SLBC_1,mocking_stupidity,75,1
F038,E10,LFR_10,gratitude,100,3
F038,E8,DS_MED,cheering,100,4.6
F038,E1,HLBC_2,waving,100,1
F038,E2,GQ_HEAVY,praising,100,1
F038,E9,GQ_HEAVY,disdain,75,1
F038,E1,RD_360P,waving,100,2.5
F038,E10,SLBC_1,gratitude,100,1
F038,E2,LFR_15,praising,100,3.5
F038,E6,HLBC_2,begging,100,1
F038,E8,GQ_MED,cheering,100,1.7
F038,E5,HLBC_1,mocking_stupidity,75,1
F038,E7,GQ_LIGHT,agreement,100,5
F038,E4,MLBC_2,scolding_viewer,100,3.9
F038,E3,MLBC_1,trying_persuade,75,3
F038,E6,DS_LIGHT,begging,100,5
F038,E2,DS_LIGHT,praising,100,5
F038,E10,DS_LIGHT,gratitude,100,4
F038,E3,DS_LIGHT,trying_persuade,100,4
F038,E4,DS_LIGHT,scolding_viewer,100,5
F038,E9,DS_LIGHT,disdain,100,4.3
F038,E7,DS_LIGHT,agreement,100,4.5
F038,E8,DS_LIGHT,cheering,100,5
F038,E1,DS_LIGHT,waving,100,5
F038,E5,DS_LIGHT,mocking_stupidity,75,5
F036,E6,RD_360P,begging,50,2
F036,E7,HLBC_2,agreement,50,1
F036,E1,HLBC_2,waving,100,1.5
F036,E3,MLBC_2,yelling,100,3.5
F036,E2,ORIG,praising,100,5
F036,E3,HLBC_1,yelling,100,2.5
F036,E6,HLBC_1,begging,50,2.5
F036,E2,RD_360P,praising,100,3
F036,E4,RD_360P,scolding_viewer,100,3
F039,E10,GQ_HEAVY,gratitude,75,2
F039,E7,LFR_10,none,75,5
F039,E6,ORIG,praying,50,5
F039,E4,MLBC_1,scolding_viewer,100,4
F039,E8,LFR_15,cursing,75,5
F039,E9,RD_360P,none,50,3
F039,E1,SLBC_1,waving,25,1
F039,E3,ORIG,yelling,75,5
F041,E3,RD_360P,yelling,75,2
F039,E2,ORIG,praising,100,5
F039,E5,DS_MED,mocking_stupidity,100,3.5
F039,E6,LFR_15,begging,100,5
F041,E5,HLBC_1,mocking_stupidity,75,1
F039,E7,RD_360P,none,50,3
F041,E4,SLBC_1,scolding_viewer,100,1
F039,E9,HLBC_2,none,75,1
F041,E6,RD_360P,praying,100,3
F039,E2,HLBC_2,praising,100,1.8
F039,E8,GQ_HEAVY,cursing,100,1.1
F041,E9,RD_360P,disdain,75,3
F039,E10,GQ_MED,gratitude,75,3
F041,E1,HLBC_2,waving,50,2
F039,E3,GQ_HEAVY,yelling,75,1
F042,E3,GQ_HEAVY,yelling,100,1.5
F039,E4,RD_720P,scolding_viewer,100,5
F041,E7,SLBC_1,stretching,75,1
F039,E1,DS_MED,saying_no,50,5
F041,E10,SLBC_1,apologizing,100,1.7
F039,E4,RD_360P,scolding_viewer,100,3
F041,E8,MLBC_2,cursing,100,5
F042,E5,HLBC_2,mocking_stupidity,100,2
F039,E9,HLBC_1,none,75,2
F041,E2,HLBC_1,praising,100,2
F040,E5,SLBC_1,mocking_stupidity,75,4.7
F041,E6,MLBC_2,praying,100,3
F039,E7,RD_720P,agreement,100,4.6
F042,E4,HLBC_2,directions,50,2.1
F041,E7,MLBC_2,stretching,50,3
F039,E6,LFR_10,praying,75,3.6
F040,E6,HLBC_1,praying,75,4.3
F041,E4,MLBC_1,scolding_viewer,100,5
F040,E1,RD_360P,waving,100,5
F042,E6,MLBC_1,praying,75,3.6
F039,E3,DS_MED,trying_persuade,50,3.1
F041,E5,MLBC_2,mocking_stupidity,100,5
F039,E5,RD_720P,mocking_stupidity,75,3.8
F041,E8,ORIG,cursing,100,5
F043,E8,RD_360P,cursing,75,2.5
F042,E9,RD_360P,disdain,100,3.5
F040,E8,SLBC_1,cursing,75,4.3
F039,E10,HLBC_1,gratitude,75,2.9
F041,E3,MLBC_1,yelling,100,5
F042,E1,GQ_MED,waving,100,2.2
F043,E5,MLBC_1,mocking_stupidity,100,3.5
F041,E1,LFR_10,waving,100,5
F039,E8,MLBC_1,cursing,75,3.5
F040,E3,HLBC_1,trying_persuade,50,4.2
F039,E1,GQ_MED,waving,100,1.9
F041,E10,GQ_LIGHT,apologizing,100,5
F043,E6,SLBC_1,begging,50,1
F041,E9,ORIG,disdain,100,5
F039,E2,GQ_HEAVY,praising,100,1
F040,E9,MLBC_2,disdain,75,4.4
F041,E2,LFR_10,praising,100,5
F043,E3,HLBC_2,yelling,100,1.5
F039,E9,LFR_15,disdain,100,4.2
F041,E10,RD_720P,gratitude,100,5
F042,E7,SLBC_1,disapproval,50,1.2
F039,E1,GQ_HEAVY,waving,100,1
F043,E10,ORIG,gratitude,100,5
F041,E8,GQ_LIGHT,cursing,100,5
F039,E10,LFR_10,gratitude,75,3.8
F041,E5,ORIG,mocking_stupidity,100,5
F042,E10,DS_MED,gratitude,100,4.1
F041,E2,ORIG,praising,100,5
F043,E4,HLBC_2,scolding_viewer,75,3
F042,E8,DS_MED,cursing,100,4.5
F039,E2,SLBC_1,praising,75,1
F041,E1,SLBC_1,waving,25,1
F042,E2,MLBC_2,praising,100,3
F043,E9,DS_MED,disdain,75,4.1
F039,E6,MLBC_2,praying,100,4
F041,E6,LFR_10,begging,100,5
F043,E7,DS_MED,agreement,75,5
F042,E6,GQ_MED,begging,75,2.5
F039,E8,GQ_MED,cursing,75,2.9
F041,E3,LFR_10,yelling,100,5
F042,E7,LFR_15,agreement,100,5
F039,E5,GQ_MED,mocking_stupidity,50,2.5
F041,E7,DS_MED,stretching,50,4.4
F043,E1,MLBC_2,waving,100,4
F042,E4,GQ_LIGHT,scolding_viewer,100,4.7
F041,E9,MLBC_1,disdain,75,3.5
F043,E2,GQ_HEAVY,praising,100,2
F042,E5,DS_MED,mocking_stupidity,100,4.5
F041,E4,DS_MED,scolding_viewer,100,5
F039,E7,MLBC_1,none,25,2.9
F041,E8,RD_360P,cursing,50,2.1
F040,E10,RD_360P,gratitude,100,4.8
F043,E7,GQ_MED,agreement,100,4
F041,E10,LFR_10,gratitude,100,3.4
F039,E4,GQ_HEAVY,scolding_viewer,50,1
F043,E4,DS_MED,scolding_viewer,100,5
F041,E5,GQ_HEAVY,mocking_stupidity,75,1
F042,E8,GQ_MED,cursing,100,2.8
F039,E3,RD_720P,yelling,75,5
F043,E2,HLBC_1,praising,100,2.2
F041,E3,GQ_LIGHT,yelling,100,3.6
F042,E3,HLBC_1,trying_persuade,75,2
F041,E9,LFR_15,disdain,100,5
F039,E6,GQ_LIGHT,praying,75,3.6
F039,E2,LFR_10,praising,100,5
F042,E1,DS_MED,waving,100,2.8
F043,E10,MLBC_1,gratitude,100,5
F041,E7,RD_720P,stretching,50,4
F041,E1,HLBC_1,waving,75,2
F039,E10,HLBC_2,gratitude,50,1.7
F042,E10,HLBC_1,gratitude,100,2.8
F043,E5,GQ_MED,mocking_stupidity,100,3
F041,E2,HLBC_2,praising,100,1.2
F039,E3,RD_360P,yelling,75,1.3
F041,E6,SLBC_1,begging,100,1
F043,E9,HLBC_1,disdain,100,3
F039,E4,MLBC_2,scolding_viewer,75,1
F041,E4,GQ_MED,scolding_viewer,50,2.5
F040,E4,RD_360P,scolding_viewer,75,4.6
F039,E9,GQ_HEAVY,disdain,75,1
F041,E10,DS_LIGHT,gratitude,100,4.7
F043,E1,HLBC_2,waving,100,2
F039,E7,DS_MED,agreement,50,4
F041,E3,DS_LIGHT,yelling,75,3.9
F043,E8,DS_MED,cursing,75,5
F042,E9,DS_MED,disdain,75,3.8
F041,E7,DS_LIGHT,stretching,50,2.9
F039,E8,ORIG,cursing,100,4.3
F042,E2,HLBC_2,praising,100,1.3
F041,E1,DS_LIGHT,waving,100,5
F043,E6,LFR_15,begging,50,4.8
F042,E10,RD_720P,gratitude,100,4.5
F041,E8,DS_LIGHT,cursing,75,3.8
F039,E1,HLBC_2,waving,75,1.6
F043,E3,GQ_LIGHT,yelling,100,5
F041,E6,DS_LIGHT,begging,100,5
F042,E8,HLBC_1,cursing,100,2.8
F039,E5,SLBC_1,mocking_stupidity,75,1
F041,E4,DS_LIGHT,scolding_viewer,75,3.9
F040,E7,RD_360P,agreement,100,3.9
F042,E5,HLBC_1,mocking_stupidity,100,2.9
F043,E2,HLBC_2,praising,100,2.1
F041,E5,DS_LIGHT,mocking_stupidity,100,5
F040,E2,HLBC_2,praising,100,4.7
F042,E2,LFR_15,praising,100,4
F041,E2,DS_LIGHT,praising,100,5
F043,E9,RD_720P,disdain,100,5
F042,E1,SLBC_1,waving,100,1
F042,E6,ORIG,begging,100,4.8
F041,E9,DS_LIGHT,disdain,75,4.2
F042,E3,HLBC_2,yelling,75,2.7
F043,E5,ORIG,mocking_stupidity,100,5
F042,E7,MLBC_1,agreement,100,4.5
F042,E9,HLBC_1,disdain,100,3
F043,E8,HLBC_1,cursing,100,2.9
F042,E4,LFR_15,scolding_viewer,100,5
F042,E8,HLBC_2,cursing,100,2.7
F043,E6,MLBC_1,begging,50,3
F042,E10,RD_360P,gratitude,100,2.9
F042,E5,RD_720P,mocking_stupidity,100,4
F043,E10,DS_MED,gratitude,100,3.9
F042,E3,RD_360P,yelling,75,3.5
F040,E1,HLBC_1,waving,75,4.6
F042,E9,GQ_HEAVY,disdain,100,1
F043,E1,LFR_15,waving,100,5
F040,E5,MLBC_1,mocking_stupidity,50,4.7
F042,E7,DS_MED,agreement,100,5
F043,E4,HLBC_1,scolding_viewer,100,2.2
F042,E1,LFR_15,waving,100,4.8
F043,E3,LFR_15,yelling,100,5
F043,E7,HLBC_1,agreement,50,2.9
F042,E2,GQ_HEAVY,praising,100,1.2
F043,E1,GQ_HEAVY,waving,75,2
F042,E6,GQ_LIGHT,begging,100,2.7
F043,E6,DS_MED,begging,50,4
F042,E4,GQ_MED,scolding_viewer,100,2.8
F043,E10,HLBC_2,gratitude,100,2
F042,E10,LFR_10,gratitude,100,3.8
F043,E9,RD_360P,disdain,100,3
F040,E2,LFR_10,praising,100,4.9
F042,E3,RD_720P,yelling,100,4.6
F042,E7,RD_720P,agreement,100,5
F043,E5,GQ_LIGHT,mocking_stupidity,100,2.9
F040,E4,MLBC_1,scolding_viewer,75,4.3
F040,E6,MLBC_2,praying,100,4.6
F043,E3,GQ_MED,yelling,100,3.1
F042,E1,GQ_LIGHT,waving,100,3.8
F040,E8,MLBC_2,cursing,100,4.4
F043,E8,GQ_HEAVY,cursing,50,2
F042,E8,SLBC_1,cursing,100,1
F040,E9,ORIG,disdain,100,4.7
F040,E3,LFR_10,yelling,75,4.1
F042,E6,LFR_10,begging,100,5
F040,E7,MLBC_2,agreement,100,4.5
F043,E7,HLBC_2,agreement,50,2.5
F042,E4,SLBC_1,scolding_viewer,100,1
F043,E4,RD_720P,scolding_viewer,100,5
F042,E5,GQ_LIGHT,mocking_stupidity,100,4.2
F042,E2,HLBC_1,praising,100,1.8
F043,E2,RD_360P,praising,100,3
F042,E9,MLBC_2,disdain,100,3.7
F043,E1,HLBC_1,waving,75,1.9
F043,E6,RD_720P,begging,50,4.4
F043,E7,SLBC_1,agreement,75,1.5
F040,E10,ORIG,gratitude,100,4.1
F043,E2,RD_720P,praising,100,5
F043,E9,LFR_10,disdain,100,4.2
F043,E3,SLBC_1,yelling,75,1.3
F043,E5,LFR_10,mocking_stupidity,100,4
F043,E4,GQ_LIGHT,scolding_viewer,100,4.3
F043,E10,RD_720P,gratitude,100,4.6
F043,E8,MLBC_2,cursing,75,4
F040,E4,LFR_10,scolding_viewer,100,4.7
F040,E3,ORIG,yelling,100,4.8
F040,E7,LFR_10,agreement,100,4.7
F040,E2,SLBC_1,praising,100,4.8
F040,E1,LFR_15,waving,100,4.8
F040,E8,DS_MED,cheering,100,4.5
F044,E1,RD_360P,waving,75,3.6
F040,E6,ORIG,praying,100,4.5
F040,E9,GQ_LIGHT,disdain,100,4.6
F044,E6,ORIG,begging,75,3.3
F044,E4,RD_360P,scolding_viewer,75,4
F040,E5,DS_MED,mocking_stupidity,100,4.5
F044,E7,RD_360P,stretching,75,4
F044,E10,RD_360P,gratitude,75,4
F044,E9,ORIG,distracted,75,3.9
F040,E10,MLBC_1,gratitude,100,4.7
F044,E8,SLBC_1,cursing,100,4.1
F040,E2,HLBC_1,praising,100,4.7
F040,E1,MLBC_2,waving,100,4.8
F040,E9,RD_360P,disdain,100,4.7
F040,E7,SLBC_1,agreement,75,4.2
F040,E4,GQ_LIGHT,scolding_viewer,100,5
F044,E5,SLBC_1,mocking_stupidity,75,4.2
F040,E10,LFR_15,gratitude,100,4.6
F044,E3,MLBC_2,yelling,100,3.9
F040,E3,HLBC_2,yelling,75,4
F040,E5,GQ_MED,mocking_stupidity,75,4.5
F040,E8,RD_720P,cursing,75,4.2
F040,E6,GQ_HEAVY,praying,75,4.1
F040,E10,DS_LIGHT,gratitude,50,3.9
F040,E6,DS_LIGHT,praying,75,4.2
F040,E7,DS_LIGHT,agreement,75,4
F040,E8,DS_LIGHT,cursing,100,4
F040,E2,DS_LIGHT,praising,75,4.2
F040,E9,DS_LIGHT,disdain,75,4.4
F040,E3,DS_LIGHT,yelling,75,4.2
F044,E2,SLBC_1,praising,100,4.7
F040,E5,DS_LIGHT,mocking_stupidity,100,4.3
F040,E4,DS_LIGHT,scolding_viewer,75,4.1
F044,E7,GQ_MED,stretching,100,4.5
F040,E1,DS_LIGHT,waving,100,4.3
F044,E8,GQ_MED,cheering,100,3.8
F044,E10,GQ_HEAVY,gratitude,100,3.8
F044,E6,GQ_LIGHT,praying,100,3.5
F044,E3,ORIG,yelling,100,4
F044,E2,MLBC_2,praising,100,4.1
F044,E1,MLBC_2,waving,100,4.2
F044,E4,ORIG,scolding_viewer,100,4.2
F044,E9,HLBC_1,distracted,100,4.1
F044,E5,GQ_LIGHT,mocking_stupidity,100,4.1
F044,E3,GQ_LIGHT,yelling,100,4.1
F044,E4,MLBC_1,talking,100,4.1
F044,E1,LFR_10,waving,100,3.9
F044,E10,MLBC_2,gratitude,100,4.4
F044,E6,GQ_MED,praying,75,4.2
F044,E5,RD_720P,mocking_stupidity,100,3.9
F044,E7,MLBC_2,stretching,100,4.5
F044,E2,DS_MED,praising,100,4.2
F044,E8,RD_360P,cursing,100,4.5
F044,E9,GQ_HEAVY,distracted,100,4.4
F044,E6,MLBC_2,praying,100,4.2
F044,E5,LFR_10,mocking_stupidity,100,4.2
F044,E9,GQ_LIGHT,distracted,100,4.2
F044,E4,LFR_15,scolding_viewer,100,3.9
F044,E8,HLBC_2,cheering,100,4.4
F044,E10,GQ_MED,gratitude,100,4.1
F044,E1,SLBC_1,taunting,100,3.8
F044,E3,RD_360P,singing,100,3.8
F044,E7,HLBC_1,stretching,100,3.7
F044,E2,RD_720P,praising,100,4
F044,E5,DS_LIGHT,thinking,100,4.3
F044,E1,DS_LIGHT,waving,100,4.1
F044,E7,DS_LIGHT,stretching,100,4
F044,E8,DS_LIGHT,cursing,100,4.5
F044,E4,DS_LIGHT,talking,100,4.2
F044,E6,DS_LIGHT,praying,100,4.2
F044,E9,DS_LIGHT,distracted,100,4.1
F044,E10,DS_LIGHT,gratitude,100,3.7
F044,E3,DS_LIGHT,singing,100,3.8
F044,E2,DS_LIGHT,praising,100,3.7
F046,E5,GQ_MED,mocking_stupidity,75,2
F046,E10,RD_720P,gratitude,75,3.4
F046,E4,GQ_HEAVY,scolding_viewer,75,1.9
F046,E6,SLBC_1,begging,100,1.2
F046,E3,GQ_HEAVY,yelling,75,1.8
F046,E1,LFR_15,waving,100,4.6
F046,E7,LFR_15,agreement,75,4.6
F046,E8,LFR_15,cursing,75,4.5
F046,E9,GQ_MED,none,50,2.3
F046,E2,RD_360P,praising,75,1.9
F046,E5,ORIG,mocking_stupidity,100,4.9
F046,E3,GQ_MED,yelling,75,2.5
F046,E9,MLBC_2,none,50,3.1
F046,E7,LFR_10,agreement,100,4.6
F046,E8,DS_MED,cursing,50,4.3
F046,E2,HLBC_2,praising,75,1.2
F046,E1,GQ_HEAVY,saying_no,75,2
F046,E10,ORIG,gratitude,75,4.5
F046,E6,GQ_HEAVY,begging,75,1.7
F046,E4,MLBC_2,scolding_viewer,100,3.2
F046,E2,HLBC_1,praising,75,2.3
F046,E4,GQ_LIGHT,scolding_viewer,100,4.6
F046,E5,LFR_15,mocking_stupidity,100,4.8
F046,E1,MLBC_1,saying_no,75,4.4
F046,E6,HLBC_2,begging,75,1.3
F046,E9,LFR_15,none,50,4.1
F046,E8,GQ_HEAVY,cursing,75,2
F046,E7,GQ_LIGHT,agreement,75,4.1
F046,E10,SLBC_1,gratitude,50,1
F046,E3,HLBC_1,yelling,75,2
F046,E2,LFR_15,praising,100,4.9
F046,E9,RD_720P,none,75,4.4
F046,E1,GQ_MED,waving,75,2.5
F046,E4,LFR_10,scolding_viewer,100,5
F046,E3,LFR_10,yelling,100,5
F046,E6,MLBC_1,begging,100,4.2
F046,E5,HLBC_2,mocking_stupidity,75,1.5
F046,E8,HLBC_1,cursing,75,1.7
F046,E10,MLBC_1,gratitude,75,3.2
F046,E7,GQ_HEAVY,agreement,75,2.2
F046,E4,RD_720P,scolding_viewer,75,3.5
F046,E7,SLBC_1,agreement,50,1
F046,E10,LFR_10,gratitude,75,4.5
F046,E3,HLBC_2,yelling,100,1.4
F046,E9,RD_360P,none,75,2.4
F046,E8,GQ_LIGHT,cursing,75,4.1
F046,E1,ORIG,waving,75,4.4
F046,E2,GQ_HEAVY,praising,75,1.1
F046,E6,LFR_15,begging,100,4.7
F046,E5,MLBC_1,mocking_stupidity,100,3.9
F045,E8,SLBC_1,cursing,50,4.7
F045,E5,GQ_HEAVY,none,50,4.5
F045,E6,GQ_HEAVY,begging,75,4.4
F045,E3,LFR_15,yelling,75,3.5
F045,E10,LFR_15,gratitude,100,4.5
F045,E4,RD_360P,scolding_viewer,75,4.1
F045,E9,LFR_15,disdain,75,4.3
F045,E7,GQ_MED,none,50,3.4
F045,E1,ORIG,waving,100,3.7
F045,E2,LFR_10,none,100,3.8
F045,E7,ORIG,agreement,100,4.3
F045,E4,HLBC_2,scolding_viewer,100,3.9
F045,E2,RD_360P,none,100,3.8
F045,E10,DS_MED,apologizing,100,4.1
F045,E5,GQ_MED,thinking,100,3.7
F045,E9,LFR_10,disdain,100,4.3
F045,E1,LFR_15,waving,100,4.4
F045,E8,GQ_HEAVY,cursing,100,4.1
F045,E6,MLBC_2,praying,100,3.8
F045,E3,GQ_HEAVY,yelling,100,3.9
F045,E2,RD_720P,none,100,4.5
F045,E9,GQ_LIGHT,disdain,75,4.7
F045,E5,HLBC_1,none,100,4
F045,E8,HLBC_2,cursing,100,4.4
F045,E6,GQ_LIGHT,begging,100,4.3
F045,E10,GQ_HEAVY,apologizing,100,4
F045,E1,LFR_10,waving,100,4.4
F045,E4,HLBC_1,none,100,3.9
F045,E3,MLBC_1,yelling,100,4.2
F045,E7,LFR_15,disapproval,75,3.6
F045,E1,MLBC_2,waving,75,3.5
F045,E6,LFR_10,begging,100,3.9
F045,E10,HLBC_1,apologizing,100,3.8
F045,E9,GQ_HEAVY,shy,75,3.5
F045,E5,LFR_10,headache,75,3.8
F045,E3,GQ_MED,trying_persuade,100,3.9
F045,E8,MLBC_1,pointing,100,3.9
F045,E7,HLBC_2,disapproval,100,3.7
F045,E4,LFR_15,scolding_viewer,100,3.8
F045,E2,MLBC_1,none,50,3.4
F045,E1,GQ_LIGHT,none,75,3.3
F045,E6,RD_720P,none,100,3.4
F045,E7,MLBC_1,disapproval,100,3.9
F045,E2,DS_MED,none,75,4.6
F045,E9,SLBC_1,disdain,75,3.7
F045,E3,ORIG,yelling,100,3.8
F045,E5,HLBC_2,mocking_stupidity,75,3.5
F045,E4,GQ_HEAVY,scolding_viewer,100,3.7
F045,E10,GQ_LIGHT,apologizing,50,3.5
F045,E8,LFR_15,cursing,100,3.6
F047,E5,GQ_MED,thinking,75,3.3
F047,E10,RD_720P,gratitude,100,3.8
F047,E4,GQ_HEAVY,talking,75,2.6
F047,E6,SLBC_1,praying,100,3.8
F047,E3,GQ_HEAVY,yelling,75,3.1
F047,E1,LFR_15,waving,100,4
F047,E7,LFR_15,agreement,100,3.2
F047,E8,LFR_15,cursing,75,3.4
F047,E9,GQ_MED,disdain,75,3.8
F047,E2,RD_360P,praising,100,4.4
F047,E5,ORIG,mocking_stupidity,50,2.8
F047,E3,GQ_MED,trying_persuade,75,3.5
F047,E9,MLBC_2,disdain,50,2.6
F047,E7,LFR_10,disapproval,75,2.9
F047,E8,DS_MED,cursing,75,2.5
F047,E2,HLBC_2,praising,100,3.6
F047,E1,GQ_HEAVY,waving,100,3.6
F047,E10,ORIG,gratitude,100,3.9
F047,E6,GQ_HEAVY,praying,100,3.7
F047,E4,MLBC_2,talking,75,3.6
F047,E2,HLBC_1,praising,100,3.5
F047,E4,GQ_LIGHT,talking,75,3.3
F047,E5,LFR_15,thinking,75,3.2
F047,E1,MLBC_1,waving,100,3.7
F047,E6,HLBC_2,praying,100,4.1
F047,E9,LFR_15,disdain,50,2.7
F047,E8,GQ_HEAVY,cursing,50,2.9
F047,E7,GQ_LIGHT,disapproval,75,2.9
F047,E10,SLBC_1,gratitude,100,3.9
F047,E3,HLBC_1,trying_persuade,75,3.6
F047,E2,LFR_15,praising,100,3.7
F047,E9,RD_720P,disdain,50,2.5
F047,E1,GQ_MED,waving,100,3.8
F047,E4,LFR_10,talking,75,3.4
F047,E3,LFR_10,trying_persuade,75,3.4
F047,E6,MLBC_1,praying,100,3.7
F047,E5,HLBC_2,thinking,75,3.1
F047,E8,HLBC_1,cursing,50,2.6
F047,E10,MLBC_1,gratitude,100,3.7
F047,E7,GQ_HEAVY,disapproval,50,2.9
F047,E4,RD_720P,talking,75,3.3
F047,E7,SLBC_1,disapproval,50,1.6
F047,E10,LFR_10,gratitude,100,3.8
F047,E3,HLBC_2,trying_persuade,75,2.5
F047,E9,RD_360P,disdain,75,3
F047,E8,GQ_LIGHT,cursing,50,2.9
F047,E1,ORIG,waving,75,3.5
F047,E2,GQ_HEAVY,praising,100,1.7
F047,E6,LFR_15,praying,100,2.5
F047,E5,MLBC_1,thinking,75,2.8
F048,E5,SLBC_1,mocking_stupidity,50,1.1
F048,E8,GQ_MED,cursing,50,2
F048,E10,DS_MED,gratitude,75,4.6
F048,E1,RD_360P,saying_no,75,3.1
F048,E6,LFR_15,begging,75,4.6
F048,E4,GQ_MED,none,50,2.3
F048,E9,RD_720P,disdain,75,4.5
F048,E7,LFR_15,disapproval,50,4.7
F048,E3,GQ_HEAVY,yelling,50,1
F048,E2,GQ_HEAVY,praising,50,1
F048,E6,LFR_10,begging,50,3.1
F048,E5,GQ_HEAVY,mocking_stupidity,50,1.2
F048,E9,ORIG,disdain,75,4.7
F048,E3,MLBC_2,yelling,50,3
F048,E8,MLBC_2,cursing,50,2.9
F048,E2,GQ_MED,praising,50,3.3
F048,E1,HLBC_2,taunting,25,1.4
F048,E7,DS_MED,none,50,4.9
F048,E10,MLBC_1,gratitude,75,3.3
F048,E4,ORIG,none,50,4.7
F048,E3,GQ_LIGHT,yelling,50,3.5
F048,E4,LFR_15,none,50,3.4
F048,E2,HLBC_1,praising,75,1.3
F048,E8,LFR_15,cursing,50,4.8
F048,E9,SLBC_1,disdain,50,1
F048,E10,LFR_15,gratitude,75,4.2
F048,E7,GQ_HEAVY,disapproval,75,1
F048,E5,HLBC_2,mocking_stupidity,75,1
F048,E1,HLBC_1,saying_no,75,1.3
F048,E6,GQ_LIGHT,begging,75,3.5
F048,E9,MLBC_1,disdain,75,3.2
F048,E7,HLBC_1,disapproval,75,1.7
F048,E4,HLBC_2,scolding_viewer,75,1.7
F048,E10,HLBC_1,gratitude,75,1.9
F048,E3,LFR_10,trying_persuade,50,4.5
F048,E1,LFR_15,saying_no,75,4.2
F048,E2,LFR_10,praising,75,4.4
F048,E6,GQ_HEAVY,begging,75,1.2
F048,E8,RD_720P,none,50,4.8
F048,E5,MLBC_1,thinking,25,2.4
F048,E2,HLBC_2,hitchhiking,25,1.1
F048,E9,LFR_10,distracted,25,4.4
F048,E1,GQ_HEAVY,waving,25,1
F048,E6,SLBC_1,clapping,,1
F048,E8,RD_360P,cursing,50,3.6
F048,E4,MLBC_1,directions,50,3.8
F048,E7,GQ_LIGHT,disapproval,75,3.9
F048,E10,MLBC_2,gratitude,75,4
F048,E5,LFR_15,headache,25,3.4
F048,E3,RD_720P,yelling,50,4.8
F048,E7,SLBC_1,agreement,50,1.7
F048,E6,RD_360P,praying,75,3.3
F048,E10,SLBC_1,gratitude,75,2.1
F048,E8,ORIG,cursing,100,4.3
F048,E5,ORIG,mocking_stupidity,100,4.2
F048,E1,SLBC_1,waving,100,1.6
F048,E3,RD_360P,yelling,75,2.1
F048,E9,RD_360P,disdain,100,2.9
F048,E4,SLBC_1,scolding_viewer,75,1.4
F048,E2,MLBC_2,praising,100,3.2
F048,E8,HLBC_1,cursing,75,2.7
F048,E5,GQ_LIGHT,mocking_stupidity,100,3.5
F048,E3,ORIG,yelling,100,4.4
F048,E7,GQ_MED,agreement,75,2.6
F048,E4,GQ_LIGHT,scolding_viewer,100,3.3
F048,E10,HLBC_2,gratitude,75,2.2
F048,E9,GQ_HEAVY,disdain,75,1.8
F048,E2,ORIG,praising,100,4.4
F048,E1,MLBC_2,waving,100,2.8
F048,E6,GQ_MED,begging,50,2.3
F048,E4,RD_720P,scolding_viewer,75,4
F049,E8,LFR_10,cursing,75,4.6
F049,E4,GQ_HEAVY,scolding_viewer,75,4.3
F049,E9,GQ_MED,distracted,100,4.1
F049,E5,GQ_HEAVY,mocking_stupidity,75,3.9
F049,E10,GQ_HEAVY,gratitude,75,4.3
F049,E3,DS_MED,trying_persuade,75,4.1
F049,E2,GQ_LIGHT,praising,75,3.9
F049,E7,GQ_MED,agreement,100,4.6
F049,E6,DS_MED,begging,75,4.2
F049,E1,DS_MED,saying_no,75,3.9
F049,E3,LFR_10,yelling,100,4.5
F049,E10,HLBC_2,apologizing,100,4.2
F049,E9,HLBC_2,disdain,75,4.1
F049,E7,HLBC_2,agreement,75,3.8
F049,E4,SLBC_1,talking,75,3.5
F049,E5,MLBC_2,mocking_stupidity,75,4.3
F049,E8,RD_720P,cursing,75,3.6
F049,E1,RD_720P,waving,100,4.8
F049,E6,GQ_MED,begging,75,4.2
F049,E2,MLBC_1,praising,100,4.4
F049,E6,SLBC_1,praying,75,4.3
F049,E3,ORIG,trying_persuade,75,4.1
F049,E10,SLBC_1,apologizing,75,4.5
F050,E1,DS_MED,saying_no,50,5
F050,E9,GQ_MED,disdain,75,5
F050,E4,GQ_LIGHT,talking,50,5
F050,E2,GQ_LIGHT,praising,100,5
F050,E10,GQ_HEAVY,gratitude,100,5
F050,E8,LFR_10,cursing,100,5
F050,E7,GQ_HEAVY,agreement,50,5
F050,E3,DS_MED,none,50,5
F050,E5,GQ_HEAVY,mocking_stupidity,100,5
F050,E6,DS_MED,begging,100,5
F050,E4,SLBC_1,scolding_viewer,75,5
F050,E6,GQ_MED,begging,100,5
F050,E5,MLBC_2,mocking_stupidity,50,5
F050,E10,HLBC_2,apologizing,50,5
F050,E7,GQ_MED,disapproval,75,5
F050,E9,HLBC_2,disdain,100,5
F050,E2,MLBC_2,praising,100,5
F050,E3,LFR_15,trying_persuade,75,5
F050,E8,RD_720P,cursing,100,5
F050,E1,RD_720P,waving,100,5
F050,E3,ORIG,trying_persuade,75,5
F050,E10,SLBC_1,apologizing,75,5
F050,E7,HLBC_2,disapproval,50,5
F051,E7,GQ_HEAVY,stretching,25,2
F051,E1,DS_MED,waving,50,3.3
F051,E5,GQ_HEAVY,mocking_stupidity,75,2.4
F051,E4,GQ_LIGHT,scolding_viewer,75,3.1
F051,E2,GQ_LIGHT,praising,100,4
F051,E3,DS_MED,trying_persuade,75,3.6
F051,E8,GQ_HEAVY,cursing,75,2.7
F051,E6,DS_MED,begging,100,4.2
F051,E9,DS_MED,disdain,75,3.8
F051,E10,GQ_HEAVY,gratitude,50,2.2
F051,E1,RD_720P,waving,100,4.3
F051,E3,LFR_15,yelling,75,3.5
F051,E2,RD_720P,praising,100,4.1
F051,E7,GQ_MED,agreement,75,2.7
F051,E4,SLBC_1,scolding_viewer,25,1.3
F051,E8,LFR_15,cursing,50,3.2
F051,E10,MLBC_2,gratitude,50,3
F051,E6,GQ_MED,praying,25,2.1
F051,E5,RD_360P,headache,50,2.7
F051,E9,GQ_MED,disdain,50,2.3
F051,E3,RD_360P,yelling,75,3.1
F051,E10,SLBC_1,gratitude,25,1.3
F051,E8,RD_720P,cursing,75,3.3
F052,E4,LFR_10,scolding_viewer,75,4.2
F052,E3,DS_MED,trying_persuade,75,3.5
F052,E7,GQ_HEAVY,agreement,50,1.7
F052,E2,DS_MED,praising,75,3.8
F052,E10,DS_MED,apologizing,75,4.2
F052,E5,DS_MED,mocking_stupidity,100,4
F052,E8,GQ_LIGHT,cursing,100,4.7
F052,E6,GQ_HEAVY,begging,100,2.3
F052,E1,DS_MED,saying_no,75,3.7
F052,E9,GQ_HEAVY,disdain,75,2.3
F052,E10,GQ_MED,gratitude,100,2.5
F052,E6,RD_720P,praying,75,4.2
F052,E9,HLBC_2,disdain,75,2.3
F052,E3,GQ_HEAVY,yelling,75,2.1
F052,E3,RD_720P,yelling,100,4.4
F052,E7,HLBC_1,agreement,75,3.2
F052,E2,LFR_10,praising,100,4.1
F052,E5,LFR_10,mocking_stupidity,75,4.3
F052,E10,RD_360P,gratitude,100,2.5
F052,E3,LFR_15,yelling,100,4.1
F052,E5,RD_720P,mocking_stupidity,75,4.2
F052,E9,ORIG,disdain,100,4.3
F052,E7,HLBC_2,agreement,75,2.1
F053,E6,DS_MED,begging,75,4
F054,E9,GQ_MED,distracted,50,4
F053,E8,LFR_10,cheering,75,4.5
F054,E1,GQ_HEAVY,waving,75,1
F053,E4,GQ_HEAVY,none,50,2
F054,E3,DS_MED,none,50,4.6
F053,E7,GQ_MED,agreement,50,3
F054,E4,GQ_HEAVY,scolding_viewer,75,1
F053,E2,GQ_LIGHT,praising,100,5
F054,E6,DS_MED,begging,100,5
F053,E3,DS_MED,none,50,5
F054,E10,GQ_HEAVY,gratitude,50,1.4
F053,E5,GQ_HEAVY,mocking_stupidity,75,1.5
F054,E2,GQ_LIGHT,praising,75,5
F053,E9,GQ_MED,distracted,50,3.7
F054,E8,LFR_10,cheering,75,5
F053,E10,GQ_HEAVY,gratitude,50,1.4
F054,E7,GQ_MED,none,50,2.3
F053,E1,GQ_HEAVY,waving,75,1
F054,E5,GQ_HEAVY,mocking_stupidity,75,1
F053,E10,SLBC_1,gratitude,75,1.4
F054,E9,HLBC_2,disdain,75,2.9
F053,E7,HLBC_2,none,25,3.4
F054,E10,SLBC_1,gratitude,75,2.7
F053,E3,LFR_10,yelling,50,5
F054,E2,MLBC_1,praising,75,5
F053,E9,HLBC_2,disdain,75,2.6
F054,E7,HLBC_2,none,50,2.6
F053,E6,GQ_MED,begging,75,3.5
F054,E3,LFR_10,yelling,75,5
F053,E8,RD_720P,cheering,75,5
F054,E6,GQ_MED,begging,75,3.1
F053,E4,SLBC_1,none,50,1
F054,E8,RD_720P,cheering,75,5
F053,E10,HLBC_1,gratitude,75,3
F054,E10,HLBC_1,gratitude,50,3
F053,E5,MLBC_2,mocking_stupidity,75,5
F054,E4,SLBC_1,scolding_viewer,50,1
F053,E2,MLBC_1,praising,75,5
F054,E5,MLBC_2,mocking_stupidity,75,4.4
F053,E3,ORIG,none,50,5
F054,E9,SLBC_1,disdain,50,2
F053,E9,SLBC_1,disdain,50,2
F054,E3,ORIG,yelling,75,5
F053,E6,RD_720P,begging,75,5
F054,E6,RD_720P,begging,75,5
F055,E4,DS_MED,talking,75,3.6
F055,E6,DS_MED,praying,75,3.8
F055,E1,DS_MED,waving,100,4.2
F055,E8,LFR_10,cheering,75,3.9
F055,E5,DS_MED,thinking,75,4
F055,E3,DS_MED,trying_persuade,50,3
F055,E7,GQ_MED,agreement,75,4
F055,E2,GQ_LIGHT,praising,100,5
F055,E10,GQ_HEAVY,gratitude,100,4.1
F055,E9,GQ_HEAVY,disdain,50,2.5
F055,E6,GQ_MED,praying,75,2.7
F055,E2,LFR_10,praising,100,5
F055,E3,GQ_MED,yelling,75,3.8
F055,E10,HLBC_1,gratitude,100,4.8
F055,E5,MLBC_1,thinking,75,4.2
F055,E7,HLBC_2,none,25,2.1
F055,E10,RD_360P,gratitude,100,5
F055,E8,RD_360P,cheering,50,3.3
F055,E4,SLBC_1,scolding_viewer,25,1.7
F055,E9,HLBC_2,disdain,50,3.1
F055,E3,MLBC_1,yelling,75,5
F055,E6,RD_720P,praying,100,5
F055,E9,SLBC_1,disdain,50,2
F056,E3,DS_MED,yelling,75,4
F056,E10,GQ_HEAVY,apologizing,100,2
F056,E8,LFR_10,cursing,75,3.5
F056,E7,GQ_MED,agreement,50,2
F056,E2,GQ_LIGHT,praising,100,3
F056,E4,GQ_HEAVY,scolding_viewer,50,2
F056,E1,GQ_HEAVY,waving,100,2.3
F056,E5,GQ_HEAVY,mocking_stupidity,50,1.8
F056,E9,GQ_MED,disdain,50,3
F056,E6,DS_MED,begging,50,3.5
F056,E4,SLBC_1,scolding_viewer,25,1
F056,E6,GQ_MED,begging,50,2
F056,E10,HLBC_1,gratitude,50,2.5
F056,E3,LFR_10,yelling,75,3.5
F056,E5,MLBC_2,mocking_stupidity,75,2.7
F056,E9,HLBC_2,disdain,25,1.5
F056,E7,HLBC_2,agreement,50,1.4
F056,E8,RD_720P,cursing,75,4
F056,E2,MLBC_1,praising,100,4
F056,E10,SLBC_1,gratitude,25,1
F056,E6,RD_720P,begging,75,4.5
F056,E9,SLBC_1,disdain,25,1.2
F056,E3,ORIG,yelling,100,5
F057,E7,GQ_MED,none,75,3
F057,E3,DS_MED,yelling,75,4
F057,E8,LFR_10,cursing,75,4
F057,E6,DS_MED,begging,100,5
F057,E2,GQ_LIGHT,praising,75,4.5
F057,E10,GQ_HEAVY,none,100,2
F057,E1,GQ_HEAVY,none,75,1.5
F057,E5,GQ_HEAVY,thinking,75,2
F057,E9,GQ_MED,none,50,2.5
F057,E4,GQ_HEAVY,scolding_viewer,50,1.2
F057,E6,GQ_MED,begging,100,2.5
F057,E8,RD_720P,none,75,5
F057,E10,SLBC_1,gratitude,75,1
F057,E9,HLBC_2,disdain,75,1.4
F057,E5,MLBC_2,thinking,75,2.6
F057,E3,LFR_10,yelling,100,5
F057,E2,MLBC_1,praising,75,4.5
F057,E4,SLBC_1,scolding_viewer,75,1
F057,E7,HLBC_2,none,100,1.6
F057,E10,HLBC_1,apologizing,50,2.2
F057,E3,ORIG,yelling,100,5
F057,E9,SLBC_1,disdain,25,1.2
F057,E6,RD_720P,begging,100,4.1
F057,E3,GQ_HEAVY,yelling,75,4.5
F057,E10,GQ_MED,gratitude,100,5
F057,E2,DS_LIGHT,praising,100,5
F057,E8,GQ_HEAVY,cursing,75,3
F057,E7,HLBC_1,none,50,3.5
F057,E5,DS_MED,mocking_stupidity,100,5
F057,E1,DS_MED,saying_no,100,5
F057,E4,DS_MED,scolding_viewer,75,5
F057,E9,DS_MED,disdain,100,5
F057,E6,LFR_15,begging,75,5
F057,E2,LFR_10,praising,100,5
F057,E3,MLBC_1,yelling,100,4.8
F057,E9,ORIG,disdain,75,5
F057,E10,MLBC_2,gratitude,100,5
F057,E4,ORIG,scolding_viewer,75,5
F057,E5,RD_720P,mocking_stupidity,75,5
F057,E8,LFR_15,cursing,75,5
F059,E4,HLBC_2,scolding_viewer,75,1.7
F059,E9,DS_MED,disdain,50,3.1
F059,E6,GQ_HEAVY,begging,75,1.3
F059,E5,DS_MED,none,50,3.8
F059,E10,GQ_MED,gratitude,100,2.4
F059,E3,LFR_15,yelling,100,3.7
F059,E2,DS_MED,praising,75,3.3
F059,E1,DS_MED,none,50,3.4
F059,E8,GQ_HEAVY,none,75,1.2
F059,E7,GQ_HEAVY,agreement,75,1.7
F059,E3,RD_720P,yelling,75,4
F059,E5,LFR_10,none,75,1.6
F059,E9,ORIG,none,75,4
F059,E8,LFR_15,none,75,3.4
F059,E2,SLBC_1,praising,100,1
F059,E1,RD_720P,waving,75,4
F059,E10,RD_360P,gratitude,100,2.6
F058,E5,DS_MED,mocking_stupidity,100,4.4
F058,E1,DS_MED,waving,50,3.3
F058,E8,GQ_MED,cursing,75,1.7
F058,E8,GQ_MED,cursing,75,1.7
F058,E2,DS_LIGHT,praising,100,4.4
F058,E7,GQ_HEAVY,agreement,75,1.6
F058,E3,LFR_15,yelling,100,2.7
F058,E10,GQ_MED,gratitude,100,2.1
F058,E9,MLBC_1,none,50,2.7
F058,E4,GQ_MED,scolding_viewer,75,2.2
F058,E8,ORIG,cursing,75,3.3
F058,E5,GQ_LIGHT,mocking_stupidity,100,2.5
F058,E1,RD_720P,waving,75,2.8
F058,E7,HLBC_1,agreement,75,1.3
F058,E10,MLBC_2,gratitude,75,2
F058,E3,RD_720P,yelling,100,2.8
F058,E2,SLBC_1,praising,50,1
F058,E5,RD_720P,mocking_stupidity,75,2.9